-- MySQL dump 10.13  Distrib 5.1.73, for redhat-linux-gnu (x86_64)
--
-- Host: localhost    Database: taphius
-- ------------------------------------------------------
-- Server version	5.1.73

/*!40101 SET @OLD_CHARACTER_SET_CLIENT=@@CHARACTER_SET_CLIENT */;
/*!40101 SET @OLD_CHARACTER_SET_RESULTS=@@CHARACTER_SET_RESULTS */;
/*!40101 SET @OLD_COLLATION_CONNECTION=@@COLLATION_CONNECTION */;
/*!40101 SET NAMES utf8 */;
/*!40103 SET @OLD_TIME_ZONE=@@TIME_ZONE */;
/*!40103 SET TIME_ZONE='+00:00' */;
/*!40014 SET @OLD_UNIQUE_CHECKS=@@UNIQUE_CHECKS, UNIQUE_CHECKS=0 */;
/*!40014 SET @OLD_FOREIGN_KEY_CHECKS=@@FOREIGN_KEY_CHECKS, FOREIGN_KEY_CHECKS=0 */;
/*!40101 SET @OLD_SQL_MODE=@@SQL_MODE, SQL_MODE='NO_AUTO_VALUE_ON_ZERO' */;
/*!40111 SET @OLD_SQL_NOTES=@@SQL_NOTES, SQL_NOTES=0 */;


CREATE DATABASE IF NOT EXISTS zeas;
USE zeas;

SET SQL_MODE="NO_AUTO_VALUE_ON_ZERO";
SET time_zone = "+00:00";


--
-- Table structure for table `User`
--

DROP TABLE IF EXISTS `User`;
/*!40101 SET @saved_cs_client     = @@character_set_client */;
/*!40101 SET character_set_client = utf8 */;
CREATE TABLE `User` (
  `id` bigint(20) NOT NULL AUTO_INCREMENT,
  `name` varchar(16) NOT NULL,
  `password` varchar(80) NOT NULL,
  `email` varchar(100) NOT NULL,
  `display_name` varchar(200) NOT NULL,
  `CREATED` timestamp NOT NULL DEFAULT CURRENT_TIMESTAMP ON UPDATE CURRENT_TIMESTAMP,
  `CREATED_BY` varchar(16) DEFAULT NULL,
  `LAST_MODIFIED` timestamp NOT NULL DEFAULT '0000-00-00 00:00:00',
  `UPDATED_BY` varchar(16) DEFAULT NULL,
  PRIMARY KEY (`id`),
  UNIQUE KEY `UK_syftr7gx86fwf7ox7bgvnnta7` (`name`)
) ENGINE=InnoDB AUTO_INCREMENT=107 DEFAULT CHARSET=latin1;
/*!40101 SET character_set_client = @saved_cs_client */;

--
-- Dumping data for table `User`
--

LOCK TABLES `User` WRITE;
/*!40000 ALTER TABLE `User` DISABLE KEYS */;
INSERT INTO `User` VALUES (1,'user','fd65ab63ff9bd7bd1ba2c6968f2234d33ce554080d39a8f4034f7adba3cbb38d0ed431d6ab72c1aa','user12@u.com','Ben Johnson','2014-11-19 11:40:09',NULL,'0000-00-00 00:00:00',NULL),(2,'nivi','dcb93889a734e13c4a917e00db8923471595a6db909d35eb96268e4c5f560cfcedca3b445c4e6b6c','string@nici.nici','nivi242343','2014-11-25 13:18:18',NULL,'0000-00-00 00:00:00',NULL),(4,'Test','dcb93889a734e13c4a917e00db8923471595a6db909d35eb96268e4c5f560cfcedca3b445c4e6b6c','Test@testt.comaaa','TestMinedd','0000-00-00 00:00:00',NULL,'0000-00-00 00:00:00',NULL),(100,'manohar','b9f034865011e1e621b4d5c0581b27d8e208ede00de05efd301d9ae4a9a6dfb282984b248a1196d6','manu@taphius.com','Manohar C S','2014-11-26 14:45:44',NULL,'0000-00-00 00:00:00',NULL),(101,'vineet','2ca2be19c0f9541127a8d5027704db272f6f7374c338d960489eefd91771ace0b3b4c9c1481676e1','vineet@taphius.com','Vineet Kumar','2014-11-21 09:29:42',NULL,'0000-00-00 00:00:00',NULL),(102,'sharmistha','38d45891d4586fd58c02f70af9267c72a7bd67768ae85c68a6b447f478d3087b1497c64cedbe3983','sharmistha@taphius.com','Sharmistha','2014-11-21 09:54:05',NULL,'0000-00-00 00:00:00',NULL),(103,'nivedita','f340eb79255dfea985f914c509d81cde72d02422467b56f38e43e84bcdfe4e166b8404733d5b46bb','nivedita@taphius.com','Nivedita','2014-11-21 09:55:29',NULL,'0000-00-00 00:00:00',NULL),(104,'pravin','009c42e120b49140f046a033b9034ecc4ad7c606cfd8ffa44086b8fd36eac5f7b194c3471f4bb6f8','pravin@taphius.com','Pravin Kumar','2014-11-21 09:56:59',NULL,'0000-00-00 00:00:00',NULL),(105,'gaya','f10566ca9f3a51e0c15c352be2158e2d4887a2fcfc8843a681a37914f1270bed7ee2bcae86a25f66','','Gaya','2014-12-19 09:52:28',NULL,'0000-00-00 00:00:00',NULL),(106,'admin','7c2de46b105515f4051d45f6786de128c637e5eadd40df43f888bda195b064b144d73765d0cecb60','','Administrator','2014-12-19 09:52:28',NULL,'0000-00-00 00:00:00',NULL);
/*!40000 ALTER TABLE `User` ENABLE KEYS */;
UNLOCK TABLES;

--
-- Table structure for table `User_roles`
--

DROP TABLE IF EXISTS `User_roles`;
/*!40101 SET @saved_cs_client     = @@character_set_client */;
/*!40101 SET character_set_client = utf8 */;
CREATE TABLE `User_roles` (
  `User_id` bigint(20) NOT NULL,
  `roles` varchar(255) DEFAULT NULL,
  `CREATED` timestamp NOT NULL DEFAULT CURRENT_TIMESTAMP ON UPDATE CURRENT_TIMESTAMP,
  `CREATED_BY` varchar(16) DEFAULT NULL,
  `LAST_MODIFIED` timestamp NOT NULL DEFAULT '0000-00-00 00:00:00',
  `UPDATED_BY` varchar(16) DEFAULT NULL,
  KEY `FK_9npctppqlup1uag8ek04qpmie` (`User_id`)
) ENGINE=InnoDB DEFAULT CHARSET=latin1;
/*!40101 SET character_set_client = @saved_cs_client */;

--
-- Dumping data for table `User_roles`
--

LOCK TABLES `User_roles` WRITE;
/*!40000 ALTER TABLE `User_roles` DISABLE KEYS */;
INSERT INTO `User_roles` VALUES (1,'user','0000-00-00 00:00:00',NULL,'0000-00-00 00:00:00',NULL),(4,'admin','0000-00-00 00:00:00',NULL,'0000-00-00 00:00:00',NULL),(2,'admin','2014-11-26 04:37:35',NULL,'0000-00-00 00:00:00',NULL),(100,'user','2014-11-21 05:06:15',NULL,'0000-00-00 00:00:00',NULL),(101,'user','2014-11-21 09:51:56',NULL,'0000-00-00 00:00:00',NULL),(102,'user','2014-11-21 09:58:19',NULL,'0000-00-00 00:00:00',NULL),(103,'user','2014-11-21 09:58:25',NULL,'0000-00-00 00:00:00',NULL),(104,'user','2014-11-21 10:00:42',NULL,'0000-00-00 00:00:00',NULL),(105,'user','2014-12-19 09:52:28',NULL,'0000-00-00 00:00:00',NULL),(106,'admin','2014-12-19 09:52:28',NULL,'0000-00-00 00:00:00',NULL),(106,'user','2014-12-19 09:52:28',NULL,'0000-00-00 00:00:00',NULL);
/*!40000 ALTER TABLE `User_roles` ENABLE KEYS */;
UNLOCK TABLES;

--
-- Table structure for table `data_ingestion`
--

DROP TABLE IF EXISTS `data_ingestion`;
/*!40101 SET @saved_cs_client     = @@character_set_client */;
/*!40101 SET character_set_client = utf8 */;
CREATE TABLE `data_ingestion` (
  `DATA_INGESTION_ID` bigint(20) NOT NULL AUTO_INCREMENT,
  `NAME` varchar(16) NOT NULL,
  `ARCHIVED_TIME` timestamp NULL DEFAULT NULL,
  `BATCH_START` varchar(16) NOT NULL,
  `BATCH_END` varchar(16) DEFAULT NULL,
  `CURRENT_BATCH` varchar(16) NOT NULL,
  `LAST_BATCH` varchar(16) DEFAULT NULL,
  `CREATED` timestamp NOT NULL DEFAULT '0000-00-00 00:00:00',
  `CREATED_BY` varchar(16) DEFAULT NULL,
  `LAST_MODIFIED` timestamp NOT NULL DEFAULT '0000-00-00 00:00:00',
  `UPDATED_BY` varchar(16) DEFAULT NULL,
  PRIMARY KEY (`DATA_INGESTION_ID`)
) ENGINE=InnoDB AUTO_INCREMENT=3 DEFAULT CHARSET=latin1 COMMENT='This will have entries only for “active” Ingestion Entities ';
/*!40101 SET character_set_client = @saved_cs_client */;

--
-- Dumping data for table `data_ingestion`
--

LOCK TABLES `data_ingestion` WRITE;
/*!40000 ALTER TABLE `data_ingestion` DISABLE KEYS */;
INSERT INTO `data_ingestion` VALUES (1,'D_Injestion','2014-11-14 14:39:41','2014-11-14 20:09','2014-11-14 20:09','2014-11-14 20:09','2014-11-14 20:09','2014-11-12 18:30:00','user','2014-11-12 18:30:00','user'),(2,'More_Injestion','2014-11-14 14:39:41','2014-11-14 20:09','2014-11-14 20:09','2014-11-14 20:09','2014-11-14 20:09','2014-11-13 18:30:00','user','2014-11-13 18:30:00','user');
/*!40000 ALTER TABLE `data_ingestion` ENABLE KEYS */;
UNLOCK TABLES;

--
-- Table structure for table `data_ingestion_log`
--

DROP TABLE IF EXISTS `data_ingestion_log`;
/*!40101 SET @saved_cs_client     = @@character_set_client */;
/*!40101 SET character_set_client = utf8 */;
CREATE TABLE `data_ingestion_log` (
  `DATA_INGESTION_LOG_ID` bigint(20) NOT NULL AUTO_INCREMENT,
  `DATA_INGESTION_ID` bigint(20) NOT NULL COMMENT 'Foreign Key to DATA_INGESTION table',
  `BATCH` varchar(16) NOT NULL,
  `listOfFiles` varchar(2000) NOT NULL,
  `JOB_START_TIME` timestamp NOT NULL DEFAULT CURRENT_TIMESTAMP ON UPDATE CURRENT_TIMESTAMP,
  `JOB_END_TIME` timestamp NOT NULL DEFAULT '0000-00-00 00:00:00',
  `JOB_STATUS` varchar(100) DEFAULT NULL,
  `JOB_MSG` varchar(256) DEFAULT NULL,
  `CREATED` timestamp NOT NULL DEFAULT '0000-00-00 00:00:00',
  `CREATED_BY` varchar(16) DEFAULT NULL,
  `LAST_MODIFIED` timestamp NOT NULL DEFAULT '0000-00-00 00:00:00',
  `UPDATED_BY` varchar(16) DEFAULT NULL,
  `JOB_STAGE` varchar(30) DEFAULT NULL,
  PRIMARY KEY (`DATA_INGESTION_LOG_ID`)
) ENGINE=InnoDB AUTO_INCREMENT=437 DEFAULT CHARSET=latin1 COMMENT='This  table will have one row per batch run (either success ';
/*!40101 SET character_set_client = @saved_cs_client */;

--
-- Dumping data for table `data_ingestion_log`
--

LOCK TABLES `data_ingestion_log` WRITE;
/*!40000 ALTER TABLE `data_ingestion_log` DISABLE KEYS */;
INSERT INTO `data_ingestion_log` VALUES (235,7677,'20150247','sampleFlightDelayData2007.csv,archive','2015-02-16 19:20:29','0000-00-00 00:00:00','Started',NULL,'2015-02-16 19:20:29',NULL,'0000-00-00 00:00:00',NULL,'Ingestion'),(236,7677,'20150247','','2015-02-16 19:20:44','0000-00-00 00:00:00','Complete',NULL,'2015-02-16 19:20:44',NULL,'0000-00-00 00:00:00',NULL,'Ingestion'),(237,7677,'20150247','','2015-02-16 19:20:44','0000-00-00 00:00:00','Started',NULL,'2015-02-16 19:20:44',NULL,'0000-00-00 00:00:00',NULL,'Validation'),(238,7677,'20150247','','2015-02-16 19:20:45','0000-00-00 00:00:00','Completed','13,216 records processed, with 333 ( 2.0 % ) invalid records.','2015-02-16 19:20:45',NULL,'0000-00-00 00:00:00',NULL,'Validation'),(259,7689,'20150248','sampleFlightDelayData2007.csv,archive','2015-02-17 08:34:30','0000-00-00 00:00:00','Started',NULL,'2015-02-17 08:34:30',NULL,'0000-00-00 00:00:00',NULL,'Ingestion'),(260,7689,'20150248','','2015-02-17 08:34:45','0000-00-00 00:00:00','Complete',NULL,'2015-02-17 08:34:45',NULL,'0000-00-00 00:00:00',NULL,'Ingestion'),(261,7689,'20150248','','2015-02-17 08:34:45','0000-00-00 00:00:00','Started',NULL,'2015-02-17 08:34:45',NULL,'0000-00-00 00:00:00',NULL,'Validation'),(262,7689,'20150248','','2015-02-17 08:34:47','0000-00-00 00:00:00','Completed','13,216 records processed, with 333 ( 2.0 % ) invalid records.','2015-02-17 08:34:47',NULL,'0000-00-00 00:00:00',NULL,'Validation'),(295,7646,'20150248','archive,2008.csv','2015-02-18 00:14:39','0000-00-00 00:00:00','Started',NULL,'2015-02-18 00:14:39',NULL,'0000-00-00 00:00:00',NULL,'Ingestion'),(296,7646,'20150248','','2015-02-18 00:15:04','0000-00-00 00:00:00','Complete',NULL,'2015-02-18 00:15:04',NULL,'0000-00-00 00:00:00',NULL,'Ingestion'),(297,7646,'20150248','','2015-02-18 00:15:06','0000-00-00 00:00:00','Started',NULL,'2015-02-18 00:15:06',NULL,'0000-00-00 00:00:00',NULL,'Validation'),(298,7646,'20150248','','2015-02-18 00:29:17','0000-00-00 00:00:00','Completed','7,009,729 records processed, with 5,484,994 ( 78.0 % ) invalid records.','2015-02-18 00:29:17',NULL,'0000-00-00 00:00:00',NULL,'Validation'),(311,7666,'20150250','archive,2008.csv','2015-02-19 06:37:18','0000-00-00 00:00:00','Started',NULL,'2015-02-19 06:37:18',NULL,'0000-00-00 00:00:00',NULL,'Ingestion'),(312,7666,'20150250','','2015-02-19 06:38:11','0000-00-00 00:00:00','Complete',NULL,'2015-02-19 06:38:11',NULL,'0000-00-00 00:00:00',NULL,'Ingestion'),(313,7666,'20150250','','2015-02-19 06:38:11','0000-00-00 00:00:00','Started',NULL,'2015-02-19 06:38:11',NULL,'0000-00-00 00:00:00',NULL,'Validation'),(314,7666,'20150250','','2015-02-19 06:43:42','0000-00-00 00:00:00','Completed','32,535,732 records processed, with 23,141,751 ( 71.0 % ) invalid records.','2015-02-19 06:43:42',NULL,'0000-00-00 00:00:00',NULL,'Validation'),(315,7664,'20150250','archive,2007.csv','2015-02-19 06:46:26','0000-00-00 00:00:00','Started',NULL,'2015-02-19 06:46:26',NULL,'0000-00-00 00:00:00',NULL,'Ingestion'),(316,7664,'20150250','','2015-02-19 06:47:17','0000-00-00 00:00:00','Complete',NULL,'2015-02-19 06:47:17',NULL,'0000-00-00 00:00:00',NULL,'Ingestion'),(317,7664,'20150250','','2015-02-19 06:47:17','0000-00-00 00:00:00','Started',NULL,'2015-02-19 06:47:17',NULL,'0000-00-00 00:00:00',NULL,'Validation'),(318,7664,'20150250','','2015-02-19 06:52:27','0000-00-00 00:00:00','Completed','31,066,672 records processed, with 21,634,095 ( 69.0 % ) invalid records.','2015-02-19 06:52:27',NULL,'0000-00-00 00:00:00',NULL,'Validation'),(331,7637,'20150250','archive,2007.csv','2015-02-26 06:37:33','0000-00-00 00:00:00','Started',NULL,'2015-02-26 06:37:33',NULL,'0000-00-00 00:00:00',NULL,'Ingestion'),(332,7637,'20150250','','2015-02-26 06:37:56','0000-00-00 00:00:00','Complete',NULL,'2015-02-26 06:37:56',NULL,'0000-00-00 00:00:00',NULL,'Ingestion'),(333,7637,'20150250','','2015-02-26 06:37:56','0000-00-00 00:00:00','Started',NULL,'2015-02-26 06:37:56',NULL,'0000-00-00 00:00:00',NULL,'Validation'),(334,7637,'20150250','','2015-02-26 06:39:43','0000-00-00 00:00:00','Completed','7,453,216 records processed, with 177,928 ( 2.0 % ) invalid records.','2015-02-26 06:39:43',NULL,'0000-00-00 00:00:00',NULL,'Validation'),(339,7676,'20150250','demo02161501.csv,archive','2015-03-03 10:02:47','0000-00-00 00:00:00','Started',NULL,'2015-03-03 10:02:47',NULL,'0000-00-00 00:00:00',NULL,'Ingestion'),(340,7676,'20150250','','2015-03-03 10:03:02','0000-00-00 00:00:00','Complete',NULL,'2015-03-03 10:03:02',NULL,'0000-00-00 00:00:00',NULL,'Ingestion'),(341,7676,'20150250','','2015-03-03 10:03:02','0000-00-00 00:00:00','Started',NULL,'2015-03-03 10:03:02',NULL,'0000-00-00 00:00:00',NULL,'Validation'),(342,7676,'20150250','','2015-03-03 10:03:04','0000-00-00 00:00:00','Completed','26,432 records processed, with 666 ( 2.0 % ) invalid records.','2015-03-03 10:03:04',NULL,'0000-00-00 00:00:00',NULL,'Validation'),(425,7739,'20150368','Citi_Customer_Demographic.csv,archive','2015-03-10 09:18:11','0000-00-00 00:00:00','Started',NULL,'2015-03-10 09:18:11',NULL,'0000-00-00 00:00:00',NULL,'Ingestion'),(426,7739,'20150368','','2015-03-10 09:18:26','0000-00-00 00:00:00','Complete','Ingestion took 15 Seconds','2015-03-10 09:18:26',NULL,'0000-00-00 00:00:00',NULL,'Ingestion'),(427,7739,'20150368','','2015-03-10 09:18:26','0000-00-00 00:00:00','Started',NULL,'2015-03-10 09:18:26',NULL,'0000-00-00 00:00:00',NULL,'Validation'),(428,7739,'20150368','','2015-03-10 09:18:27','0000-00-00 00:00:00','Completed','20,000 records processed, with 0 ( 0.0 % ) invalid records..Validation took 1 Seconds','2015-03-10 09:18:27',NULL,'0000-00-00 00:00:00',NULL,'Validation'),(433,7722,'20150368','Citi_Transactions.csv,archive','2015-03-17 08:55:30','0000-00-00 00:00:00','Started',NULL,'2015-03-17 08:55:30',NULL,'0000-00-00 00:00:00',NULL,'Ingestion'),(434,7722,'20150368','','2015-03-17 08:55:45','0000-00-00 00:00:00','Complete','Ingestion took 15 Seconds','2015-03-17 08:55:45',NULL,'0000-00-00 00:00:00',NULL,'Ingestion'),(435,7722,'20150368','','2015-03-17 08:55:45','0000-00-00 00:00:00','Started',NULL,'2015-03-17 08:55:45',NULL,'0000-00-00 00:00:00',NULL,'Validation'),(436,7722,'20150368','','2015-03-17 08:55:46','0000-00-00 00:00:00','Completed','49,958 records processed, with 0 ( 0.0 % ) invalid records..Validation took 1 Seconds','2015-03-17 08:55:46',NULL,'0000-00-00 00:00:00',NULL,'Validation');
/*!40000 ALTER TABLE `data_ingestion_log` ENABLE KEYS */;
UNLOCK TABLES;

--
-- Table structure for table `entity`
--

DROP TABLE IF EXISTS `entity`;
/*!40101 SET @saved_cs_client     = @@character_set_client */;
/*!40101 SET character_set_client = utf8 */;
CREATE TABLE `entity` (
  `ID` int(11) NOT NULL AUTO_INCREMENT,
  `NAME` varchar(50) DEFAULT NULL,
  `TYPE` varchar(17) NOT NULL,
  `JSON_DATA` text NOT NULL,
  `IS_ACTIVE` tinyint(1) NOT NULL,
  `CREATED` timestamp NOT NULL DEFAULT '0000-00-00 00:00:00',
  `CREATED_BY` varchar(16) DEFAULT NULL,
  `LAST_MODIFIED` timestamp NOT NULL DEFAULT '0000-00-00 00:00:00',
  `UPDATED_BY` varchar(16) DEFAULT NULL,
  PRIMARY KEY (`ID`)
) ENGINE=InnoDB AUTO_INCREMENT=7749 DEFAULT CHARSET=latin1 COMMENT='This table will be interface between front-endand the back-e';
/*!40101 SET character_set_client = @saved_cs_client */;

--
-- Dumping data for table `entity`
--

LOCK TABLES `entity` WRITE;
/*!40000 ALTER TABLE `entity` DISABLE KEYS */;
INSERT INTO `entity` VALUES (7018,'Sales per month','GoogleGraph','{\"cols\": [{\"id\": \"month\", \"label\": \"Month\", \"type\": \"string\"},{\"id\": \"laptop-id\", \"label\": \"Laptop\", \"type\": \"number\"},{\"id\": \"desktop-id\", \"label\": \"Desktop\", \"type\": \"number\"},{\"id\": \"server-id\", \"label\": \"Server\", \"type\": \"number\"},{\"id\": \"cost-id\", \"label\": \"Shipping\", \"type\": \"number\"}],\"rows\": [ {\"c\": [{\"v\": \"January\"},{\"v\": 19, \"f\": \"42 items\"},{\"v\": 12, \"f\": \"Ony 12 items\"},{\"v\": 7, \"f\": \"7 servers\"},{\"v\": 4}]},{\"c\": [{\"v\": \"February\"},{\"v\": 13},{\"v\": 1, \"f\": \"1 unit (Out of stock this month)\"},{\"v\": 12},{\"v\": 2}]},{\"c\": [{\"v\": \"March\"},{\"v\": 24},{\"v\": 0},{\"v\": 11},{\"v\": 6}]}]}',1,'2014-12-11 18:30:00','user','2014-12-11 18:30:00','user'),(7034,'Tab name','TabName','{\"sourceName\":\"DataSchema\",\"pageUrl\":\"WebModule/DataSchema/\",\"Tab\":\"dataSchema\",\"event\":\"WebModule/DataSchema/\"}',1,'2014-12-26 00:36:04','user','2014-12-25 20:33:08','user'),(7035,'Tab name','TabName','{\"sourceName\":\"DataSource\",\"pageUrl\":\"WebModule/DataSource/\",\"Tab\":\"DataSource\",\"event\":\"WebModule/DataSource/\"}',1,'2014-12-25 18:30:00','user','2014-12-25 18:30:00','user'),(7036,'Tab name','TabName','{\"sourceName\":\"DataSet\",\"pageUrl\":\"WebModule/DataSet/\",\"Tab\":\"dataSet\",\"event\":\"WebModule/DataSet/\"}',1,'2014-12-25 18:30:00','user','2014-12-25 18:30:00','user'),(7037,'Tab name','TabName','{\"sourceName\":\"DataIngestion\",\"pageUrl\":\"WebModule/DataIngestion/\",\"Tab\":\"DataIngestion\",\"event\":\"WebModule/DataIngestion/\"}',1,'2014-12-25 18:30:00','user','2014-12-25 18:30:00','user'),(7038,'Tab name','TabName','{\"sourceName\":\"DatapipeWorkbench\",\"pageUrl\":\"WebModule/DatapipeWorkbench/\",\"Tab\":\"DatapipeWorkbench\",\"event\":\"WebModule/DatapipeWorkbench/\"}',1,'2014-12-25 18:30:00','user','2014-12-25 18:30:00','user'),(7635,'FlightDelayData2007','DataSource','{\"schema\":\"FlightDelaySchema\",\"sourcerType\":\"File\",\"format\":\"CSV\",\"id\":7635,\"name\":\"FlightDelayData2007\",\"location\":\"/root/ZEAS/data/airlines/2007\",\"description\":\"Flight delay data for 2007\",\"dataSourcerId\":\"FlightDelayData2007\"}',1,'2015-02-03 09:38:51','user','2015-02-13 11:25:29','manohar'),(7636,'FlightDelayDataset07','DataSet','{\"name\":\"FlightDelayDataset07\",\"description\":\"Hadoop Filesystem destination for FilghtDelayData2007 to be used for Data Ingestion Process\",\"batchStructure\":\"YYYYMMDD\",\"Schema\":\"FlightDelaySchema\",\"location\":\"/root/ZEAS/data/airlines/2007\",\"dataSourcerId\":\"FlightDelayDataset07\",\"id\":7636}',1,'2015-02-03 09:41:16','user','2015-02-16 19:50:56','user'),(7637,'Ingest_2007','DataIngestion','{\"frequency\":\"One Time\",\"dataSource\":\"FlightDelayData2007\",\"name\":\"Ingest_2007\",\"startBatch\":\"\",\"endBatch\":\"\",\"destinationDataset\":\"FlightDelayDataset07\",\"dataIngestionId\":\"Ingest_2007\",\"id\":7637}',1,'2015-02-03 09:42:11','user','2015-02-19 06:02:10','manohar'),(7641,'HiveDataset2007','DataSet','{\"name\":\"HiveDataset2007\",\"Schema\":\"FlightDataSchema\",\"location\":\"/root/ZEAS/data/hiveresults/2007\",\"description\":\"Strores Hive query result.\",\"batchStructure\":\"YYYYMMDD\",\"dataSourcerId\":\"HiveDataset2007\",\"id\":7641}',1,'2015-02-03 10:54:46','manohar','2015-02-10 06:05:26','user'),(7642,'FlightDelayData2008','DataSource','{\"sourcerType\":\"File\",\"schema\":\"FlightDelaySchema\",\"format\":\"CSV\",\"id\":7642,\"name\":\"FlightDelayData2008\",\"location\":\"/root/ZEAS/data/airlines/2008\",\"description\":\"Flight delay for year 2008\",\"dataSourcerId\":\"FlightDelayData2008\"}',1,'2015-02-03 11:23:58','manohar','2015-02-13 11:25:15','manohar'),(7643,'FlightDelayDataset08','DataSet','{\"name\":\"FlightDelayDataset08\",\"description\":\"Hadoop Filesystem destination for FilghtDelayData2008 to be used for Data Ingestion Process\",\"Schema\":\"FlightDelaySchema\",\"location\":\"/root/ZEAS/data/airlines/2008/\",\"batchStructure\":\"YYYYMMDD\",\"dataSourcerId\":\"FlightDelayDataset08\",\"id\":7643}',1,'2015-02-03 11:25:23','manohar','2015-02-19 06:50:45','manohar'),(7645,'HiveDataset2008','DataSet','{\"name\":\"HiveDataset2008\",\"Schema\":\"FlightDataSchema\",\"description\":\"Hive query result for 2008\",\"batchStructure\":\"YYYYMMDD\",\"location\":\"/root/ZEAS/data/hiveresults/2008\",\"dataSourcerId\":\"HiveDataset2008\",\"id\":7645}',1,'2015-02-03 11:26:51','manohar','2015-02-10 06:05:41','user'),(7646,'Ingest_2008','DataIngestion','{\"frequency\":\"One Time\",\"dataSource\":\"FlightDelayData2008\",\"name\":\"Ingest_2008\",\"startBatch\":\"\",\"endBatch\":\"\",\"destinationDataset\":\"FlightDelayDataset08\",\"dataIngestionId\":\"Ingest_2008\",\"id\":7646}',1,'2015-02-03 11:29:26','manohar','2015-02-19 06:02:15','manohar'),(7649,'FlightDelaySchema','DataSchema','{\"sourcerType\":\"int\",\"id\":7649,\"name\":\"FlightDelaySchema\",\"description\":\"Schema for flight delay data.\",\"dataSourcerId\":\"FlightDelaySchema\",\"dataAttribute\":[{\"active\":false,\"dataType\":\"int\",\"piirule\":\"Obfuscate\",\"valRule\":\"No\",\"Name\":\"Year\",\"description\":\"Year\",\"minVal\":null,\"maxVal\":null},{\"dataType\":\"int\",\"piirule\":\"Obfuscate\",\"valRule\":\"No\",\"Name\":\"Month\",\"description\":\"Month 1-12\",\"active\":false},{\"active\":false,\"dataType\":\"int\",\"piirule\":\"Obfuscate\",\"valRule\":\"No\",\"Name\":\"DayofMonth\",\"description\":\"Day of Month  1-31\"},{\"active\":false,\"dataType\":\"int\",\"piirule\":\"Obfuscate\",\"valRule\":\"No\",\"Name\":\"DayOfWeek\",\"description\":\"1 (Monday) - 7 (Sunday)\"},{\"active\":false,\"dataType\":\"int\",\"piirule\":\"Obfuscate\",\"valRule\":\"No\",\"Name\":\"DepTime\",\"description\":\"Actual departure time (local, hhmm)\"},{\"active\":false,\"dataType\":\"int\",\"piirule\":\"Obfuscate\",\"valRule\":\"No\",\"Name\":\"CRSDepTime\",\"description\":\"Scheduled departure time (local, hhmm)\"},{\"active\":false,\"dataType\":\"int\",\"piirule\":\"Obfuscate\",\"valRule\":\"No\",\"Name\":\"ArrTime\",\"description\":\"Actual arrival time (local, hhmm)\"},{\"active\":false,\"dataType\":\"int\",\"piirule\":\"Obfuscate\",\"valRule\":\"No\",\"Name\":\"CRSArrTime\",\"description\":\"Scheduled arrival time (local, hhmm)\"},{\"active\":false,\"dataType\":\"varchar\",\"piirule\":\"Obfuscate\",\"valRule\":\"No\",\"Name\":\"UniqueCarrier\",\"description\":\"Unique carrier code\"},{\"active\":true,\"dataType\":\"int\",\"piirule\":\"Obfuscate\",\"valRule\":\"No\",\"Name\":\"FlightNum\",\"description\":\"Flight number\"},{\"active\":false,\"dataType\":\"varchar\",\"piirule\":\"Obfuscate\",\"valRule\":\"No\",\"Name\":\"TailNum\",\"description\":\"Plane tail number\"},{\"active\":false,\"dataType\":\"int\",\"piirule\":\"Obfuscate\",\"valRule\":\"No\",\"Name\":\"ActualElapsedTime\",\"description\":\"Actual Elapsed Time in minutes\"},{\"active\":false,\"dataType\":\"int\",\"piirule\":\"Obfuscate\",\"valRule\":\"No\",\"Name\":\"CRSElapsedTime\",\"description\":\"Scheduled Elapsed Time in minutes\"},{\"active\":false,\"dataType\":\"int\",\"piirule\":\"Obfuscate\",\"valRule\":\"No\",\"Name\":\"AirTime\",\"description\":\"Air Time in minutes\"},{\"active\":false,\"dataType\":\"int\",\"piirule\":\"Obfuscate\",\"valRule\":\"No\",\"Name\":\"ArrDelay\",\"description\":\"Arrival Delay in minutes\"},{\"active\":false,\"dataType\":\"int\",\"piirule\":\"Obfuscate\",\"valRule\":\"No\",\"Name\":\"DepDelay\",\"description\":\"Departure delay, in minutes\"},{\"active\":false,\"dataType\":\"varchar\",\"piirule\":\"Obfuscate\",\"valRule\":\"No\",\"Name\":\"Origin\",\"description\":\"Origin IATA airport code\"},{\"active\":false,\"dataType\":\"varchar\",\"piirule\":\"Obfuscate\",\"valRule\":\"No\",\"Name\":\"Dest\",\"description\":\"Destination IATA airport code\"},{\"active\":false,\"dataType\":\"int\",\"piirule\":\"Obfuscate\",\"valRule\":\"No\",\"Name\":\"Distance\",\"description\":\"Distance in miles\"},{\"active\":false,\"dataType\":\"int\",\"piirule\":\"Obfuscate\",\"valRule\":\"No\",\"Name\":\"TaxiIn\",\"description\":\"Taxi in time, in minutes\"},{\"active\":false,\"dataType\":\"int\",\"piirule\":\"Obfuscate\",\"valRule\":\"No\",\"Name\":\"TaxiOut\",\"description\":\"Taxi out time in minutes\"},{\"active\":false,\"dataType\":\"int\",\"piirule\":\"Obfuscate\",\"valRule\":\"No\",\"Name\":\"Cancelled\",\"description\":\"Was the flight cancelled?\"},{\"active\":false,\"dataType\":\"varchar\",\"piirule\":\"Obfuscate\",\"valRule\":\"No\",\"Name\":\"CancellationCode\",\"description\":\"Reason for cancellation (A = carrier, B = weather, C = NAS, D =security)\"},{\"active\":false,\"dataType\":\"int\",\"piirule\":\"Obfuscate\",\"valRule\":\"No\",\"Name\":\"Diverted\",\"description\":\"Diverted  1 = yes, 0 = no\"},{\"active\":false,\"dataType\":\"varchar\",\"piirule\":\"Obfuscate\",\"valRule\":\"No\",\"Name\":\"CarrierDelay\",\"description\":\"Carrier Delay in minutes\"},{\"active\":false,\"dataType\":\"varchar\",\"piirule\":\"Obfuscate\",\"valRule\":\"No\",\"Name\":\"WeatherDelay\",\"description\":\"Weather Delay in minutes\"},{\"active\":false,\"dataType\":\"varchar\",\"piirule\":\"Obfuscate\",\"valRule\":\"No\",\"Name\":\"NASDelay\",\"description\":\"NAS Delay in minutes\"},{\"active\":false,\"dataType\":\"int\",\"piirule\":\"Obfuscate\",\"valRule\":\"No\",\"Name\":\"SecurityDelay\",\"description\":\"Security Delay in minutes\"},{\"active\":false,\"dataType\":\"int\",\"piirule\":\"Obfuscate\",\"valRule\":\"No\",\"Name\":\"LateAircraftDelay\",\"description\":\"Late Aircraft Delay in minutes\"}]}',1,'2015-02-05 14:08:33','user','2015-02-13 11:23:08','manohar'),(7650,'DelayFor2007','Hive','{\"seletType\":\"Hive\",\"stagename\":\"DelayFor2007\",\"stagedescription\":\"Query to join flight delay data for year 2007 with distance from nearest holiday.\",\"hiveSql\":\"select depdelay as delay,Month, DayOfMonth, DayOfWeek, get_hour(crsdeptime) as hour, Distance, UniqueCarrier, Dest, get_holiday(year,month,DayofMonth) as hdays from Dataset2007 where year=2007 and Origin =\'ORD\'\"}',1,'2015-02-06 03:02:53','user','2015-02-06 03:02:53','user'),(7651,'DelayFor2007','Hive','{\"seletType\":\"Hive\",\"stagename\":\"DelayFor2007\",\"stagedescription\":\"Joins flight delay data for 2007 with distance from nearest holiday.\",\"hiveSql\":\"select depdelay as delay,Month, DayOfMonth, DayOfWeek, get_hour(crsdeptime) as hour, Distance, UniqueCarrier, Dest, get_holiday(year,month,DayofMonth) as hdays from Dataset2007 where year=2007 and Origin =\'ORD\'\"}',1,'2015-02-06 03:06:30','user','2015-02-06 03:06:30','user'),(7652,'DelayFor2007','Hive','{\"seletType\":\"Hive\",\"stagename\":\"DelayFor2007\",\"stagedescription\":\"Joins AITA data with distance from nearest holiday.\",\"hiveSql\":\"select depdelay as delay,Month, DayOfMonth, DayOfWeek, get_hour(crsdeptime) as hour, Distance, UniqueCarrier, Dest, get_holiday(year,month,DayofMonth) as hdays from Dataset2007 where year=2007 and Origin =\'ORD\'\",\"preprocess\":\"p\",\"postprocess\":\"p\"}',1,'2015-02-06 03:10:44','user','2015-02-06 03:10:44','user'),(7654,'asd','Hive','{\"seletType\":\"MapReduce\",\"stagename\":\"asd\",\"stagedescription\":\"ad\",\"mapclass\":\"ada\",\"reduceclass\":\"asd\",\"preprocess\":\"sd\",\"postprocess\":\"ad\"}',1,'2015-02-06 03:32:15','user','2015-02-06 03:32:15','user'),(7656,'Testing','Hive','{\"seletType\":\"Hive\",\"stagename\":\"Testing\",\"stagedescription\":\"sad\",\"hiveSql\":\"asda\",\"preprocess\":\"sdad\",\"postprocess\":\"asda\"}',1,'2015-02-06 07:26:06','user','2015-02-06 07:26:06','user'),(7658,'JoinStage2007','PipelineStage','{\"seletType\":\"Hive\",\"stagename\":\"JoinStage2007\",\"stagedescription\":\"Hive query to join weather data with flight delay data for year 2007.\",\"hiveSql\":\"select DepDelay, Month, DayOfMonth, DayOfWeek, get_hour(CRSDepTime),Distance, uniquecarrier, Dest, get_holiday(year,month,DayofMonth), TMIN.min_temp, TMAX.max_temp , prcp  FROM  FlightDelayDataset07  INNER JOIN (select date,value max_temp from WeatherDataset2007 where metric=\'TMAX\' and station=\'USW00094846\') TMAX  ON (TMAX.date = get_date(FlightDelayDataset07.Year, FlightDelayDataset07.Month,FlightDelayDataset07.DayofMonth) and FlightDelayDataset07.Origin=\'ORD\')   INNER JOIN (select date,value min_temp from WeatherDataset2007 where metric=\'TMIN\' and station=\'USW00094846\') TMIN  ON (TMIN.date = get_date(FlightDelayDataset07.Year, FlightDelayDataset07.Month,FlightDelayDataset07.DayofMonth) and FlightDelayDataset07.Origin = \'ORD\') INNER JOIN (select date,value prcp from WeatherDataset2007 where metric=\'PRCP\' and station=\'USW00094846\') PRCP ON (PRCP.date = get_date(FlightDelayDataset07.Year, FlightDelayDataset07.Month,FlightDelayDataset07.DayofMonth) and FlightDelayDataset07.Origin=\'ORD\')\",\"id\":7658}',1,'2015-02-07 07:56:56','manohar','2015-02-19 08:04:17','manohar'),(7659,'WeatherDataset2007','DataSet','{\"name\":\"WeatherDataset2007\",\"description\":\"HDFS location for ingesting Weather data for Year 2007.\",\"Schema\":\"WeatherSchema\",\"location\":\"/root/ZEAS/data/weather/2007/\",\"batchStructure\":\"YYYYMMDD\",\"dataSourcerId\":\"WeatherDataset2007\",\"id\":7659}',1,'2015-02-07 07:59:17','manohar','2015-02-19 06:49:57','manohar'),(7660,'WeatherSchema','DataSchema','{\"sourcerType\":\"int\",\"id\":7660,\"name\":\"WeatherSchema\",\"description\":\"Schema definition for Weather data\",\"dataSourcerId\":\"WeatherSchema\",\"dataAttribute\":[{\"active\":false,\"dataType\":\"varchar\",\"piirule\":\"Obfuscate\",\"valRule\":\"No\",\"Name\":\"station\",\"description\":\"Weather station code.\"},{\"dataType\":\"varchar\",\"piirule\":\"Obfuscate\",\"valRule\":\"No\",\"Name\":\"date\",\"description\":\"Date for which weather data is collected\",\"active\":false},{\"active\":false,\"dataType\":\"varchar\",\"piirule\":\"Obfuscate\",\"valRule\":\"No\",\"Name\":\"metric\",\"description\":\"Name of the weather metric. (TMAX, TMIN,PRCP etc)\"},{\"active\":false,\"dataType\":\"int\",\"piirule\":\"Obfuscate\",\"valRule\":\"No\",\"Name\":\"value\",\"description\":\"Weather metric value\"},{\"active\":false,\"dataType\":\"varchar\",\"piirule\":\"Obfuscate\",\"valRule\":\"No\",\"Name\":\"t1\"},{\"active\":false,\"dataType\":\"varchar\",\"piirule\":\"Obfuscate\",\"valRule\":\"No\",\"Name\":\"t2\"},{\"active\":false,\"dataType\":\"varchar\",\"piirule\":\"Obfuscate\",\"valRule\":\"No\",\"Name\":\"t3\"},{\"active\":false,\"dataType\":\"varchar\",\"piirule\":\"Obfuscate\",\"valRule\":\"No\",\"Name\":\"time\",\"description\":\"Time\"}]}',1,'2015-02-07 08:02:37','manohar','2015-02-09 08:26:10','manohar'),(7661,'Joinedset2007','DataSet','{\"name\":\"Joinedset2007\",\"description\":\"Dataset representing join of weather data with flight delay data for the Year 2007\",\"Schema\":\"WeatherSchema\",\"location\":\"/root/ZEAS/data/2007/joined\",\"batchStructure\":\"YYYYMMDD\",\"dataSourcerId\":\"Joinedset2007\",\"id\":7661}',1,'2015-02-07 08:06:26','manohar','2015-02-19 06:49:00','manohar'),(7662,'WeatherData2007','DataSource','{\"format\":\"CSV\",\"schema\":\"WeatherSchema\",\"sourcerType\":\"File\",\"id\":7662,\"name\":\"WeatherData2007\",\"location\":\"/root/ZEAS/data/weather/2007\",\"description\":\"Data source for Weather data for Year 2007\",\"dataSourcerId\":\"WeatherData2007\"}',1,'2015-02-09 04:36:36','manohar','2015-02-13 11:25:40','manohar'),(7664,'IngestWeather2007','DataIngestion','{\"frequency\":\"One Time\",\"dataSource\":\"WeatherData2007\",\"name\":\"IngestWeather2007\",\"startBatch\":\"\",\"endBatch\":\"\",\"destinationDataset\":\"WeatherDataset2007\",\"dataIngestionId\":\"IngestWeather2007\",\"id\":7664}',1,'2015-02-09 04:49:22','manohar','2015-02-19 06:17:40','manohar'),(7665,'WeatherData2008','DataSource','{\"schema\":\"WeatherSchema\",\"format\":\"CSV\",\"sourcerType\":\"File\",\"id\":7665,\"name\":\"WeatherData2008\",\"location\":\"/root/ZEAS/data/weather/2008\",\"description\":\"NFS location where weather data for 2008 is placed.\",\"dataSourcerId\":\"WeatherData2008\"}',1,'2015-02-09 04:56:02','manohar','2015-02-13 11:25:59','manohar'),(7666,'IngestWeather2008','DataIngestion','{\"frequency\":\"One Time\",\"dataSource\":\"WeatherData2008\",\"name\":\"IngestWeather2008\",\"startBatch\":\"\",\"endBatch\":\"\",\"dataIngestionId\":\"IngestWeather2008\",\"id\":7666,\"destinationDataset\":\"WeatherDataset2008\"}',1,'2015-02-09 06:25:40','manohar','2015-02-19 06:17:50','manohar'),(7667,'WeatherDataset2008','DataSet','{\"name\":\"WeatherDataset2008\",\"description\":\"HDFS location for ingesting Weather data for Year2008\",\"Schema\":\"WeatherSchema\",\"location\":\"/root/ZEAS/data/weather/2008/\",\"batchStructure\":\"YYYYMMDD\",\"dataSourcerId\":\"WeatherDataset2008\",\"id\":7667}',1,'2015-02-09 06:26:42','manohar','2015-02-19 06:17:16','manohar'),(7669,'JoinedSet2008','DataSet','{\"name\":\"JoinedSet2008\",\"Schema\":\"WeatherSchema\",\"location\":\"/root/ZEAS/data/2008/joined\",\"description\":\"Dataset representing join of weather data with flight delay data for the Year 2008\",\"batchStructure\":\"YYYYMMDD\",\"dataSourcerId\":\"JoinedSet2008\",\"id\":7669}',1,'2015-02-09 06:51:42','manohar','2015-02-19 06:49:26','manohar'),(7671,'JoinStage2008','PipelineStage','{\"seletType\":\"Hive\",\"stagename\":\"JoinStage2008\",\"stagedescription\":\"Hive stage to join weather data with flight delay data for Year 2008.\",\"hiveSql\":\"select DepDelay, Month, DayOfMonth, DayOfWeek, get_hour(CRSDepTime),Distance, uniquecarrier, Dest, get_holiday(year,month,DayofMonth), TMIN.min_temp, TMAX.max_temp , prcp  FROM  FlightDelayDataset08 INNER JOIN (select date,value max_temp from WeatherDataset2008 where metric=\'TMAX\' and station=\'USW00094846\') TMAX  ON (TMAX.date = get_date(FlightDelayDataset08.Year, FlightDelayDataset08.Month,FlightDelayDataset08.DayofMonth) and FlightDelayDataset08.Origin=\'ORD\')   INNER JOIN (select date,value min_temp from WeatherDataset2008 where metric=\'TMIN\' and station=\'USW00094846\') TMIN  ON (TMIN.date = get_date(FlightDelayDataset08.Year, FlightDelayDataset08.Month,FlightDelayDataset08.DayofMonth) and FlightDelayDataset08.Origin = \'ORD\') INNER JOIN (select date,value prcp from WeatherDataset2008 where metric=\'PRCP\' and station=\'USW00094846\') PRCP ON (PRCP.date = get_date(FlightDelayDataset08.Year, FlightDelayDataset08.Month,FlightDelayDataset08.DayofMonth) and FlightDelayDataset08.Origin=\'ORD\')\",\"id\":7671}',1,'2015-02-09 06:56:12','manohar','2015-02-19 08:11:38','manohar'),(7674,'SampleFlightDelayData','DataSource','{\"schema\":\"FlightDelaySchema\",\"format\":\"CSV\",\"sourcerType\":\"File\",\"id\":\"\",\"name\":\"SampleFlightDelayData\",\"location\":\"/root/ZEAS/data/sample/airline\",\"description\":\"Sample flight delay data for year 2007\",\"dataSourcerId\":\"SampleFlightDelayData\"}',1,'2015-02-14 07:17:18','user','2015-02-14 07:17:18','user'),(7675,'SampleFlightDelayDS','DataSet','{\"name\":\"SampleFlightDelayDS\",\"Schema\":\"FlightDelaySchema\",\"description\":\"Sample Flight delay data output path in hadoop file system\",\"location\":\"/root/ZEAS/data/sample/airline\",\"batchStructure\":\"YYYYMMDD\",\"dataSourcerId\":\"SampleFlightDelayDS\",\"id\":7675}',1,'2015-02-14 07:19:09','user','2015-02-14 07:19:24','user'),(7676,'SampleFlightDelaySch','DataIngestion','{\"frequency\":\"One Time\",\"destinationDataset\":\"SampleFlightDelayDS\",\"dataSource\":\"SampleFlightDelayData\",\"name\":\"SampleFlightDelaySch\",\"dataIngestionId\":\"SampleFlightDelaySch\",\"id\":7676,\"startBatch\":\"\",\"endBatch\":\"\"}',1,'2015-02-14 07:20:07','user','2015-02-19 06:02:36','manohar'),(7687,'FlightDelayVsHoliday','PipelineStage','{\"seletType\":\"Hive\",\"stagename\":\"FlightDelayVsHoliday\",\"stagedescription\":\"delay vs holiday\",\"hiveSql\":\"select depdelay as delay,Month, DayOfMonth, DayOfWeek, get_hour(crsdeptime) as hour, Distance, Carrier, Dest, get_holiday(year,month,day) as hdays from FlightDelayCleansed2007 where year=2007 and Origin =\'ORD\'\",\"id\":7687}',1,'2015-02-17 01:06:05','admin','2015-02-17 05:14:42','manohar'),(7689,'TestNewIngestion','DataIngestion','{\"frequency\":\"One Time\",\"dataSource\":\"NewSource\",\"destinationDataset\":\"SampleFlightDelayDS\",\"name\":\"TestNewIngestion\",\"dataIngestionId\":\"TestNewIngestion\",\"id\":7689}',1,'2015-02-17 07:34:57','user','2015-02-19 03:25:46','manohar'),(7690,'NewSource','DataSource','{\"schema\":\"FlightDelaySchema\",\"format\":\"CSV\",\"sourcerType\":\"File\",\"id\":\"\",\"name\":\"NewSource\",\"location\":\"/root/ZEAS/data/sample/mano\",\"description\":\"testing\",\"dataSourcerId\":\"NewSource\"}',1,'2015-02-17 07:38:50','user','2015-02-17 07:38:50','user'),(7691,'HiveStageFlightDelayByCarrier','PipelineStage','{\"seletType\":\"Hive\",\"stagename\":\"HiveStageFlightDelayByCarrier\",\"stagedescription\":\"flight delay by carrier\",\"hiveSql\":\"select a.uniquecarrier,(COUNT(*)/s.cnt) from (select uniquecarrier,COUNT(*) as cnt from FlightDelayDataset07 where origin == \'ORD\' group by uniquecarrier) s join FlightDelayDataset07 a on (a.uniquecarrier=s.uniquecarrier) where (a.DepDelay>=15 and a.origin == \'ORD\') group by a.uniquecarrier,s.cnt\",\"id\":7691}',1,'2015-02-17 11:03:24','user','2015-02-17 11:26:00','user'),(7692,'PipelineOutout','DataSet','{\"name\":\"PipelineOutout\",\"Schema\":\"FlightDelaySchema\",\"location\":\"/root/ZEAS/data/hiveresults/pipelineoutput\",\"batchStructure\":\"YYYYMMDD\",\"dataSourcerId\":\"PipelineOutout\"}',1,'2015-02-17 11:13:05','user','2015-02-17 11:13:05','user'),(7697,'AAHiveDelay2007','PipelineStage','{\"seletType\":\"Hive\",\"stagename\":\"AAHiveDelay2007\",\"hiveSql\":\"select depdelay as delay,Month, DayOfMonth, DayOfWeek, get_hour(crsdeptime) as hour, Distance, UniqueCarrier, Dest, get_holiday(year,month,DayofMonth) as hdays from FlightDelayDataset07 where year=2007 and Origin =\'ORD\'\",\"stagedescription\":\"Query to generate 2007 training data set\",\"id\":7697}',1,'2015-02-18 00:21:38','manohar','2015-02-18 02:19:43','manohar'),(7699,'AAHiveOutput2007','DataSet','{\"location\":\"/root/ZEAS/data/hiveoutput/2007\",\"name\":\"AAHiveOutput2007\",\"Schema\":\"FlightDelaySchema\",\"description\":\"AAHiveOutput2007\",\"batchStructure\":\"YYYY-MM-DD\",\"dataSourcerId\":\"AAHiveOutput2007\"}',1,'2015-02-18 00:27:08','manohar','2015-02-18 00:27:08','manohar'),(7700,'AAHiveOutput2008','DataSet','{\"name\":\"AAHiveOutput2008\",\"Schema\":\"FlightDelaySchema\",\"location\":\"/root/ZEAS/data/hiveoutput/2008\",\"description\":\"AAHiveOutput2008\",\"batchStructure\":\"YYYY-MM-DD\",\"dataSourcerId\":\"AAHiveOutput2008\"}',1,'2015-02-18 00:27:55','manohar','2015-02-18 00:27:55','manohar'),(7701,'AAHiveDelay2008','PipelineStage','{\"seletType\":\"Hive\",\"stagename\":\"AAHiveDelay2008\",\"stagedescription\":\"AAHiveDelay2008\",\"hiveSql\":\"select depdelay as delay,Month, DayOfMonth, DayOfWeek, get_hour(crsdeptime) as hour, Distance, UniqueCarrier, Dest, get_holiday(year,month,DayofMonth) as hdays from dataset2008 where year=2008 and Origin =\'ORD\'\",\"id\":7701}',1,'2015-02-18 02:27:03','manohar','2015-02-18 02:51:07','manohar'),(7707,'DemoPipeline','DatapipeWorkbench','{\"frequency\":\"One Time\",\"name\":\"DemoPipeline\",\"description\":\"Demo pipeline for Flight delay by carrier\",\"offset\":\"\",\"ExecutionGraph\":{\"nodes\":[{\"name\":\"FlightDelayDataset07\",\"nodeSchema\":\"dataSet\",\"id\":7636,\"x\":36,\"y\":161,\"outputConnectors\":[{\"name\":\"1\"}]},{\"name\":\"HiveStageFlightDelayByCarrier\",\"nodeSchema\":\"stage\",\"id\":7691,\"x\":250,\"y\":38.00001525878906,\"inputConnectors\":[{\"name\":\"X\"}],\"outputConnectors\":[{\"name\":\"1\"}]},{\"name\":\"JoinStage2008\",\"nodeSchema\":\"stage\",\"id\":7671,\"x\":524,\"y\":188,\"inputConnectors\":[{\"name\":\"X\"}],\"outputConnectors\":[{\"name\":\"1\"}]}],\"connections\":[{\"source\":{\"nodeID\":7636,\"connectorIndex\":0},\"dest\":{\"nodeID\":7691,\"connectorIndex\":0}},{\"source\":{\"nodeID\":7691,\"connectorIndex\":0},\"dest\":{\"nodeID\":7671,\"connectorIndex\":0}}]}}',1,'2015-02-18 19:44:41','manohar','2015-03-17 14:31:20','user'),(7708,'StrataPipe1','DatapipeWorkbench','{\"frequency\":\"One Time\",\"name\":\"StrataPipe1\",\"description\":\"Test pipeline during Strata\",\"offset\":\"\",\"ExecutionGraph\":{\"nodes\":[{\"name\":\"FlightDelayDataset07\",\"nodeSchema\":\"dataSet\",\"id\":7636,\"x\":72,\"y\":160,\"outputConnectors\":[{\"name\":\"1\"}]},{\"name\":\"AAHiveOutput2007\",\"nodeSchema\":\"dataSet\",\"id\":7699,\"x\":543,\"y\":154,\"inputConnectors\":[{\"name\":\"X\"}],\"outputConnectors\":[{\"name\":\"1\"}]},{\"name\":\"AAHiveDelay2007\",\"nodeSchema\":\"stage\",\"id\":7697,\"x\":315,\"y\":66,\"inputConnectors\":[{\"name\":\"X\"}],\"outputConnectors\":[{\"name\":\"1\"}]}],\"connections\":[{\"source\":{\"nodeID\":7636,\"connectorIndex\":0},\"dest\":{\"nodeID\":7697,\"connectorIndex\":0}},{\"source\":{\"nodeID\":7697,\"connectorIndex\":0},\"dest\":{\"nodeID\":7699,\"connectorIndex\":0}}]},\"id\":7707}',1,'2015-02-18 20:00:49','manohar','2015-03-16 06:07:59','user'),(7709,NULL,'DatapipeWorkbench','{\"frequency\":\"One Time\",\"description\":\"de,p\",\"offset\":\"\",\"ExecutionGraph\":\"\",\"id\":7707}',1,'2015-02-19 02:47:32','manohar','2015-02-19 02:47:32','manohar'),(7710,'demo','DatapipeWorkbench','{\"frequency\":\"Hourly\",\"name\":\"demo\",\"description\":\"demo\",\"offset\":\"\",\"ExecutionGraph\":{\"nodes\":[],\"connections\":[]},\"id\":7707}',1,'2015-02-19 02:47:49','manohar','2015-03-17 14:31:18','user'),(7712,'JoinWeatherData2007','DatapipeWorkbench','{\"frequency\":\"One Time\",\"name\":\"JoinWeatherData2007\",\"description\":\"Pipeline to join weather data with flight delay data for the year 2007\",\"offset\":\"\",\"ExecutionGraph\":{\"nodes\":[{\"name\":\"FlightDelayDataset07\",\"nodeSchema\":\"dataSet\",\"id\":7636,\"x\":11,\"y\":41,\"outputConnectors\":[{\"name\":\"1\"}]},{\"name\":\"WeatherDataset2007\",\"nodeSchema\":\"dataSet\",\"id\":7659,\"x\":-216,\"y\":284.99998474121094,\"inputConnectors\":[{\"name\":\"X\"}],\"outputConnectors\":[{\"name\":\"1\"}]},{\"name\":\"JoinStage2007\",\"nodeSchema\":\"stage\",\"id\":7658,\"x\":306,\"y\":123,\"inputConnectors\":[{\"name\":\"X\"}],\"outputConnectors\":[{\"name\":\"1\"}]},{\"name\":\"Joinedset2007\",\"nodeSchema\":\"dataSet\",\"id\":7661,\"x\":596,\"y\":120,\"inputConnectors\":[{\"name\":\"X\"}],\"outputConnectors\":[{\"name\":\"1\"}]},{\"name\":\"FlightDelayDataset07\",\"nodeSchema\":\"dataSet\",\"id\":7636,\"x\":-202,\"y\":92,\"inputConnectors\":[{\"name\":\"X\"}],\"outputConnectors\":[{\"name\":\"1\"}]},{\"name\":\"WeatherDataset2007\",\"nodeSchema\":\"dataSet\",\"id\":7659,\"x\":2,\"y\":267,\"inputConnectors\":[{\"name\":\"X\"}],\"outputConnectors\":[{\"name\":\"1\"}]}],\"connections\":[{\"source\":{\"nodeID\":7636,\"connectorIndex\":0},\"dest\":{\"nodeID\":7658,\"connectorIndex\":0}},{\"source\":{\"nodeID\":7658,\"connectorIndex\":0},\"dest\":{\"nodeID\":7661,\"connectorIndex\":0}},{\"source\":{\"nodeID\":7659,\"connectorIndex\":0},\"dest\":{\"nodeID\":7658,\"connectorIndex\":0}}]},\"id\":7711}',1,'2015-02-19 06:56:06','manohar','2015-03-11 09:43:13','manohar'),(7713,'JoinWeatherData2008','DatapipeWorkbench','{\"name\":\"JoinWeatherData2008\",\"description\":\"Pipeline to Join weather data with Flight delay data for year 2008.\",\"frequency\":\"One Time\",\"offset\":\"\",\"ExecutionGraph\":{\"nodes\":[{\"name\":\"FlightDelayDataset08\",\"nodeSchema\":\"dataSet\",\"id\":7643,\"x\":9,\"y\":45,\"outputConnectors\":[{\"name\":\"1\"}]},{\"name\":\"WeatherDataset2008\",\"nodeSchema\":\"dataSet\",\"id\":7667,\"x\":14,\"y\":210,\"inputConnectors\":[{\"name\":\"X\"}],\"outputConnectors\":[{\"name\":\"1\"}]},{\"name\":\"JoinedSet2008\",\"nodeSchema\":\"dataSet\",\"id\":7669,\"x\":565,\"y\":134.99998474121094,\"inputConnectors\":[{\"name\":\"X\"}],\"outputConnectors\":[{\"name\":\"1\"}]},{\"name\":\"JoinStage2008\",\"nodeSchema\":\"stage\",\"id\":7671,\"x\":303,\"y\":129.99998474121094,\"inputConnectors\":[{\"name\":\"X\"}],\"outputConnectors\":[{\"name\":\"1\"}]}],\"connections\":[{\"source\":{\"nodeID\":7643,\"connectorIndex\":0},\"dest\":{\"nodeID\":7671,\"connectorIndex\":0}},{\"source\":{\"nodeID\":7667,\"connectorIndex\":0},\"dest\":{\"nodeID\":7671,\"connectorIndex\":0}},{\"source\":{\"nodeID\":7671,\"connectorIndex\":0},\"dest\":{\"nodeID\":7669,\"connectorIndex\":0}}]}}',1,'2015-02-19 12:20:53','manohar','2015-03-11 09:43:15','manohar'),(7714,'Citi_TransactionSchema','DataSchema','{\"sourcerType\":\"int\",\"id\":7714,\"name\":\"Citi_TransactionSchema\",\"description\":\"Citi Bank Transaction Schema Details\",\"dataSourcerId\":\"Citi_TransactionSchema\",\"dataAttribute\":[{\"active\":false,\"dataType\":\"long\",\"piirule\":\"Obfuscate\",\"valRule\":\"No\",\"Name\":\"VISA_MERCH_ID\",\"description\":\"VISA MERCH ID\"},{\"dataType\":\"int\",\"piirule\":\"Obfuscate\",\"valRule\":\"No\",\"Name\":\"MCC_CODE\",\"description\":\"MCC CODE\",\"active\":false},{\"active\":false,\"dataType\":\"varchar\",\"piirule\":\"Obfuscate\",\"valRule\":\"No\",\"Name\":\"TXN_DATE\",\"description\":\"TRANSACTION DATE\"},{\"active\":false,\"dataType\":\"float\",\"piirule\":\"Obfuscate\",\"valRule\":\"No\",\"Name\":\"TXN_AMOUNT\",\"description\":\"TRANSACTION AMOUNT\"},{\"active\":false,\"dataType\":\"varchar\",\"piirule\":\"Obfuscate\",\"valRule\":\"No\",\"Name\":\"MERCHANT_NAME\",\"description\":\"MERCHANT NAME\"},{\"active\":false,\"dataType\":\"varchar\",\"piirule\":\"Obfuscate\",\"valRule\":\"No\",\"Name\":\"MERCHANT_ADDRESS\",\"description\":\"MERCHANT ADDRESS\"},{\"active\":false,\"dataType\":\"varchar\",\"piirule\":\"Obfuscate\",\"valRule\":\"No\",\"Name\":\"MERCHANT_CITY\",\"description\":\"MERCHANT CITY\"},{\"active\":false,\"dataType\":\"varchar\",\"piirule\":\"Obfuscate\",\"valRule\":\"No\",\"Name\":\"MERCHANT_STATE\",\"description\":\"MERCHANT STATE\"},{\"active\":false,\"dataType\":\"int\",\"piirule\":\"Obfuscate\",\"valRule\":\"No\",\"Name\":\"MERCHANT_ZIP\",\"description\":\"MERCHANT ZIP\"},{\"active\":false,\"dataType\":\"long\",\"piirule\":\"Obfuscate\",\"valRule\":\"No\",\"Name\":\"MERCHANT_PNO\",\"description\":\"MERCHANT PHONE NUMBER\"},{\"active\":false,\"dataType\":\"date\",\"piirule\":\"Obfuscate\",\"valRule\":\"No\",\"Name\":\"POST_DATE\",\"description\":\"POST DATE\"},{\"active\":false,\"dataType\":\"varchar\",\"piirule\":\"Obfuscate\",\"valRule\":\"No\",\"Name\":\"ACCOUNT_NUMBER\",\"description\":\"ACCOUNT_NUMBER\"},{\"active\":false,\"dataType\":\"varchar\",\"piirule\":\"Obfuscate\",\"valRule\":\"No\",\"Name\":\"BANK_NAME\",\"description\":\"Bank Name\"},{\"active\":false,\"dataType\":\"varchar\",\"piirule\":\"Obfuscate\",\"valRule\":\"No\",\"Name\":\"BANK_ID\",\"description\":\"Bank ID\"},{\"active\":false,\"dataType\":\"varchar\",\"piirule\":\"Obfuscate\",\"valRule\":\"No\",\"Name\":\"CUSTOMER_ID\",\"description\":\"CUSTOMER ID\"},{\"active\":false,\"dataType\":\"int\",\"piirule\":\"Obfuscate\",\"valRule\":\"No\",\"Name\":\"BIN\",\"description\":\"BIN\"},{\"active\":false,\"dataType\":\"varchar\",\"piirule\":\"Obfuscate\",\"valRule\":\"No\",\"Name\":\"CARD_TYPE\",\"description\":\"Card Type\"},{\"active\":false,\"dataType\":\"varchar\",\"piirule\":\"Obfuscate\",\"valRule\":\"No\",\"Name\":\"CARD_PRODUCT_TYPE\",\"description\":\"Card Product Type\"},{\"active\":false,\"dataType\":\"varchar\",\"piirule\":\"Obfuscate\",\"valRule\":\"No\",\"Name\":\"CARD_NO\",\"description\":\"Card Number\"},{\"active\":false,\"dataType\":\"varchar\",\"piirule\":\"Obfuscate\",\"valRule\":\"No\",\"Name\":\"TXN_CODE\",\"description\":\"Transaction Code\"},{\"active\":false,\"dataType\":\"varchar\",\"piirule\":\"Obfuscate\",\"valRule\":\"No\",\"description\":\"Transaction Category\",\"Name\":\"TXN_CATEGORY\"},{\"active\":false,\"dataType\":\"varchar\",\"piirule\":\"Obfuscate\",\"valRule\":\"No\",\"description\":\"Currency\",\"Name\":\"CURRENCY\"},{\"active\":false,\"dataType\":\"varchar\",\"piirule\":\"Obfuscate\",\"valRule\":\"No\",\"description\":\"Authorization Code\",\"Name\":\"AUTHORIZATION_CODE\"},{\"active\":false,\"dataType\":\"date\",\"piirule\":\"Obfuscate\",\"valRule\":\"No\",\"description\":\"Authrorization Date\",\"Name\":\"AUTHORIZATION_DATE\"},{\"active\":false,\"dataType\":\"varchar\",\"piirule\":\"Obfuscate\",\"valRule\":\"No\",\"description\":\"Card Category\",\"Name\":\"CARD_CATEGORY\"},{\"active\":false,\"dataType\":\"varchar\",\"piirule\":\"Obfuscate\",\"valRule\":\"No\",\"description\":\"POS Data\",\"Name\":\"POS_DATA\"},{\"active\":false,\"dataType\":\"int\",\"piirule\":\"Obfuscate\",\"valRule\":\"No\",\"Name\":\"CARD_EXP_DATE\",\"description\":\"Card Expiry Date\"},{\"active\":false,\"dataType\":\"float\",\"piirule\":\"Obfuscate\",\"valRule\":\"No\",\"description\":\"Cash Back Indicator\",\"Name\":\"CASH_BACK_INDICATOR\"},{\"active\":false,\"dataType\":\"varchar\",\"piirule\":\"Obfuscate\",\"valRule\":\"No\",\"description\":\"Merchant Account number\",\"Name\":\"MERCHANT_ACC_NO\"},{\"active\":false,\"dataType\":\"varchar\",\"piirule\":\"Obfuscate\",\"valRule\":\"No\",\"Name\":\"BANK_NET_REF_NO\",\"description\":\"BankNet Reference Number\"},{\"active\":false,\"dataType\":\"varchar\",\"piirule\":\"Obfuscate\",\"valRule\":\"No\",\"description\":\"Transaction Reference Number\",\"Name\":\"TXN_REF_NO\"},{\"active\":false,\"dataType\":\"varchar\",\"piirule\":\"Obfuscate\",\"valRule\":\"No\",\"description\":\"Transaction Time\",\"Name\":\"TXN_TIME\"},{\"active\":false,\"dataType\":\"long\",\"piirule\":\"Obfuscate\",\"valRule\":\"No\",\"Name\":\"MONTHLY_SPEND\",\"description\":\"Monthly Spend\"}]}',1,'2015-03-05 05:54:30','user','2015-03-09 08:33:06','user'),(7716,'Citi_CustomerDemographic','DataSchema','{\"sourcerType\":\"int\",\"id\":7716,\"name\":\"Citi_CustomerDemographic\",\"description\":\"Citi Bank Customer Demographic Schema Details\",\"dataSourcerId\":\"Citi_CustomerDemographic\",\"dataAttribute\":[{\"active\":false,\"dataType\":\"varchar\",\"piirule\":\"Obfuscate\",\"valRule\":\"No\",\"description\":\"CARD HOLDER NAME\",\"Name\":\"CARD_HOLDER_NAME\"},{\"dataType\":\"varchar\",\"piirule\":\"Obfuscate\",\"valRule\":\"No\",\"description\":\"CUSTOMER FIRST NAME\",\"Name\":\"CUSTOMER_FIRST_NAME\",\"active\":false},{\"active\":false,\"dataType\":\"varchar\",\"piirule\":\"Obfuscate\",\"valRule\":\"No\",\"description\":\"CUSTOMER LAST NAME\",\"Name\":\"CUSTOMER_LAST_NAME\"},{\"active\":false,\"dataType\":\"varchar\",\"piirule\":\"Obfuscate\",\"valRule\":\"No\",\"Name\":\"CUSTOMER_ID\",\"description\":\"CUSTOMER ID\"},{\"active\":false,\"dataType\":\"varchar\",\"piirule\":\"Obfuscate\",\"valRule\":\"No\",\"description\":\"GENDER\",\"Name\":\"GENDER\"},{\"active\":false,\"dataType\":\"date\",\"piirule\":\"Obfuscate\",\"valRule\":\"No\",\"description\":\"DATE OF BIRTH\",\"Name\":\"DOB\"},{\"active\":false,\"dataType\":\"varchar\",\"piirule\":\"Obfuscate\",\"valRule\":\"No\",\"description\":\"MARITAL STATUS\",\"Name\":\"MARITAL_STATUS\"},{\"active\":false,\"dataType\":\"varchar\",\"piirule\":\"Obfuscate\",\"valRule\":\"No\",\"Name\":\"EMPLOYMENT_STATUS\",\"description\":\"EMPLOYMENT STATUS\"},{\"active\":false,\"dataType\":\"varchar\",\"piirule\":\"Obfuscate\",\"valRule\":\"No\",\"description\":\"CUSTOMER SEGMENT\",\"Name\":\"CUSTOMER_SEGMENT\"},{\"active\":false,\"dataType\":\"varchar\",\"piirule\":\"Obfuscate\",\"valRule\":\"No\",\"description\":\"EDUCATION\",\"Name\":\"EDUCATION\"},{\"active\":false,\"dataType\":\"long\",\"piirule\":\"Obfuscate\",\"valRule\":\"No\",\"Name\":\"ANNUAL_INCOME\",\"description\":\"ANNUAL INCOME\"},{\"active\":false,\"dataType\":\"int\",\"piirule\":\"Obfuscate\",\"valRule\":\"No\",\"Name\":\"SOCIAL_SECURITY_NO\",\"description\":\"SOCIAL SECURITY NUMBER\"},{\"active\":false,\"dataType\":\"varchar\",\"piirule\":\"Obfuscate\",\"valRule\":\"No\",\"description\":\"ADDRESS FIRST LINE\",\"Name\":\"ADDRESS_LINE1\"},{\"active\":false,\"dataType\":\"varchar\",\"piirule\":\"Obfuscate\",\"valRule\":\"No\",\"Name\":\"ADDRESS_LINE2\",\"description\":\"ADDRESS SECOND LINE\"},{\"active\":false,\"dataType\":\"varchar\",\"piirule\":\"Obfuscate\",\"valRule\":\"No\",\"Name\":\"CITY\",\"description\":\"CITY\"},{\"active\":false,\"dataType\":\"varchar\",\"piirule\":\"Obfuscate\",\"valRule\":\"No\",\"Name\":\"STATE\",\"description\":\"STATE\"},{\"active\":false,\"dataType\":\"varchar\",\"piirule\":\"Obfuscate\",\"valRule\":\"No\",\"description\":\"POST CODE\",\"Name\":\"POST_CODE\"},{\"active\":false,\"dataType\":\"long\",\"piirule\":\"Obfuscate\",\"valRule\":\"No\",\"description\":\"PRIMARY CONTACT NUMBER\",\"Name\":\"PRIMARY_CONTACT_NO\"},{\"active\":false,\"dataType\":\"long\",\"piirule\":\"Obfuscate\",\"valRule\":\"No\",\"Name\":\"SECONDARY_CONTACT_NO\",\"description\":\"SECONDARY CONTACT NUMBER\"},{\"active\":false,\"dataType\":\"varchar\",\"piirule\":\"Obfuscate\",\"valRule\":\"No\",\"Name\":\"EMAIL_ADDRESS\",\"description\":\"EMAIL ADDRESS\"},{\"active\":false,\"dataType\":\"int\",\"piirule\":\"Obfuscate\",\"valRule\":\"No\",\"Name\":\"CREDIT_SCORE\",\"description\":\"CREDIT SCORE\"},{\"active\":false,\"dataType\":\"int\",\"piirule\":\"Obfuscate\",\"valRule\":\"No\",\"Name\":\"BEHAVIOUR_SCORE\",\"description\":\"BEHAVIOUR SCORE\"},{\"active\":false,\"dataType\":\"varchar\",\"piirule\":\"Obfuscate\",\"valRule\":\"No\",\"Name\":\"PRODUCT1\",\"description\":\"PRODUCT -1\"},{\"active\":false,\"dataType\":\"varchar\",\"piirule\":\"Obfuscate\",\"valRule\":\"No\",\"Name\":\"PRODUCT2\",\"description\":\"PRODUCT - 2\"},{\"active\":false,\"dataType\":\"varchar\",\"piirule\":\"Obfuscate\",\"valRule\":\"No\",\"Name\":\"MICRO_SEGMENT\",\"description\":\"Micro segment of Customer\"}]}',1,'2015-03-05 06:18:38','user','2015-03-10 08:38:22','manohar'),(7717,'Citi_DemographicSource','DataSource','{\"sourcerType\":\"File\",\"schema\":\"Citi_CustomerDemographic\",\"format\":\"CSV\",\"id\":7717,\"name\":\"Citi_DemographicSource\",\"description\":\"Citi Bank Customer Demographic Source Details\",\"location\":\"/root/ZEAS/data/citi/demographic\",\"dataSourcerId\":\"Citi_DemographicSource\"}',1,'2015-03-05 10:15:21','user','2015-03-09 09:31:00','manohar'),(7718,'Citi_TransactionSource','DataSource','{\"sourcerType\":\"File\",\"schema\":\"Citi_TransactionSchema\",\"format\":\"CSV\",\"id\":7718,\"name\":\"Citi_TransactionSource\",\"description\":\"Citi BankCustomer Transaction Details\",\"location\":\"/root/ZEAS/data/citi/transaction\",\"dataSourcerId\":\"Citi_TransactionSource\"}',1,'2015-03-05 10:16:29','user','2015-03-09 08:33:15','user'),(7719,'Citi_DemographicDataset','DataSet','{\"name\":\"Citi_DemographicDataset\",\"description\":\"Citi Bank Customer Demographic Dataset\",\"Schema\":\"Citi_CustomerDemographic\",\"location\":\"/root/ZEAS/data/citi/demographic\",\"batchStructure\":\"YYYYMMDD\",\"dataSourcerId\":\"Citi_DemographicDataset\",\"id\":7719}',1,'2015-03-05 10:18:16','user','2015-03-09 09:05:21','manohar'),(7720,'Citi_TransactionDataset','DataSet','{\"name\":\"Citi_TransactionDataset\",\"description\":\"Citi Bank Customer Transaction Dataset\",\"location\":\"/root/ZEAS/data/citi/transaction\",\"Schema\":\"Citi_TransactionSchema\",\"batchStructure\":\"YYYYMMDD\",\"dataSourcerId\":\"Citi_TransactionDataset\",\"id\":7720}',1,'2015-03-05 10:22:18','user','2015-03-09 08:42:04','manohar'),(7722,'Citi_Transaction','DataIngestion','{\"frequency\":\"One Time\",\"dataSource\":\"Citi_TransactionSource\",\"destinationDataset\":\"Citi_TransactionDataset\",\"name\":\"Citi_Transaction\",\"dataIngestionId\":\"Citi_Transaction\",\"id\":7722}',1,'2015-03-06 05:55:12','manohar','2015-03-09 12:28:45','user'),(7723,'hiveStageCustomerWalletShare','PipelineStage','{\"seletType\":\"Hive\",\"stagename\":\"hiveStageCustomerWalletShare\",\"stagedescription\":\"Calculates Wallet share and basket value at merchant category of customer\",\"hiveSql\":\"select e.customer_id,e.catagory_name,e.expense,((e.expense*100)/e1.totalamt) as expensepercentage  from (select customer_id,\\ncatagory_name,sum(txn_amount)as expense  from  transaction_details group by customer_id,catagory_name) e \\njoin (select customer_id,sum(txn_amount) as totalamt from \\ntransaction_details group by customer_id) e1 where e.customer_id = e1.customer_id\"}',1,'2015-03-06 13:25:47','manohar','2015-03-06 13:25:47','manohar'),(7724,'hiveStageCashWithdrawalRFM','PipelineStage','{\"seletType\":\"Hive\",\"stagename\":\"hiveStageCashWithdrawalRFM\",\"stagedescription\":\"Calculates frequency and monetary value of Cash withdrawal for each customer\",\"hiveSql\":\"select customer_id, count(*) as wthd_frequency, sum(txn_amount) totalamount, MAX(cast(concat(txn_date,\\\" \\\",txn_time) as TIMESTAMP) ) as recent_withdrawal from  \\ntransaction_details where txn_category=\'WTHD\' group by customer_id\",\"id\":7724}',1,'2015-03-06 13:27:49','manohar','2015-03-10 13:38:46','manohar'),(7725,'hiveStageUsageVariety','PipelineStage','{\"seletType\":\"Hive\",\"stagename\":\"hiveStageUsageVariety\",\"stagedescription\":\"Calculates different merchant category,currency txnctd,location, total no.of transactions for customer\",\"hiveSql\":\"select customer_id,count(*) as total_txn,count(distinct catagory_name) as NoOfDifferentMerchantCategory_Citibank,count(distinct currency) as NoOfDifferentCurrency_Citibank,count(distinct merchant_state) as NoOfDifferentLocation_Citibank from transaction_details group by customer_id\",\"id\":7725}',1,'2015-03-06 13:30:23','manohar','2015-03-07 06:43:04','manohar'),(7726,'hiveStagePurchaseRFM','PipelineStage','{\"seletType\":\"Hive\",\"stagename\":\"hiveStagePurchaseRFM\",\"stagedescription\":\"Query to calculate no.of purchases and value of purchase made by customer\",\"hiveSql\":\"select customer_id, count(*) as purchase_frequency, sum(txn_amount) purchase_value, MAX(cast(concat(txn_date,\\\" \\\",txn_time) as TIMESTAMP) ) as recent_purchase from transaction_details where txn_category!=\'WTHD\' group by customer_id\",\"id\":7726}',1,'2015-03-06 13:44:29','manohar','2015-03-10 13:38:28','manohar'),(7727,'CustomerWalletShareDataset','DataSet','{\"name\":\"CustomerWalletShareDataset\",\"Schema\":\"Citi_TransactionSchema\",\"location\":\"/root/ZEAS/data/citi/joined/walletShare\",\"batchStructure\":\"YYYYMMDD\",\"description\":\"Dataset for Life Style Category\",\"dataSourcerId\":\"CustomerWalletShareDataset\",\"id\":7727}',1,'2015-03-06 13:49:05','manohar','2015-03-09 08:42:21','manohar'),(7728,'CashWithdrawalRFMDataset','DataSet','{\"description\":\"Dataset for Cash Withdrawal RFM\",\"name\":\"CashWithdrawalRFMDataset\",\"Schema\":\"Citi_TransactionSchema\",\"location\":\"/root/ZEAS/data/citi/joined/cashWithdrawalRFM\",\"batchStructure\":\"YYYYMMDD\",\"dataSourcerId\":\"CashWithdrawalRFMDataset\",\"id\":7728}',1,'2015-03-06 13:52:27','manohar','2015-03-09 08:42:39','manohar'),(7729,'PurchaseRFMDataset','DataSet','{\"name\":\"PurchaseRFMDataset\",\"description\":\"Dataset for Purchase RFM\",\"batchStructure\":\"YYYYMMDD\",\"Schema\":\"Citi_TransactionSchema\",\"location\":\"/root/ZEAS/data/citi/joined/purchaseRFM\",\"dataSourcerId\":\"PurchaseRFMDataset\",\"id\":7729}',1,'2015-03-06 13:53:21','manohar','2015-03-09 08:42:46','manohar'),(7730,'UsageVarietyDataset','DataSet','{\"name\":\"UsageVarietyDataset\",\"Schema\":\"Citi_TransactionSchema\",\"description\":\"Data set for Usage variety for customer\",\"location\":\"/root/ZEAS/data/citi/joined/usageVarierty\",\"batchStructure\":\"YYYYMMDD\",\"dataSourcerId\":\"UsageVarietyDataset\",\"id\":7730}',1,'2015-03-06 13:54:30','manohar','2015-03-09 08:42:57','manohar'),(7731,'transaction_details','DataSet','{\"name\":\"transaction_details\",\"description\":\"Merged transaction file with MCC code mapped to merchant category name\",\"batchStructure\":\"YYYYMMDD\",\"Schema\":\"Citi_TransactionSchema\",\"location\":\"/root/ZEAS/data/citi/joined/transaction_details\",\"dataSourcerId\":\"transaction_details\",\"id\":7731}',1,'2015-03-06 14:06:48','manohar','2015-03-09 08:43:08','manohar'),(7732,'PurchaseRFMPipeline','DatapipeWorkbench','{\"frequency\":\"One Time\",\"name\":\"PurchaseRFMPipeline\",\"description\":\"PurchaseRFMPipeline\",\"offset\":\"\",\"ExecutionGraph\":{\"nodes\":[{\"name\":\"transaction_details\",\"nodeSchema\":\"dataSet\",\"id\":7731,\"x\":8,\"y\":85,\"outputConnectors\":[{\"name\":\"1\"}]},{\"name\":\"PurchaseRFMDataset\",\"nodeSchema\":\"dataSet\",\"id\":7729,\"x\":573,\"y\":90,\"inputConnectors\":[{\"name\":\"X\"}],\"outputConnectors\":[{\"name\":\"1\"}]},{\"name\":\"hiveStagePurchaseRFM\",\"nodeSchema\":\"stage\",\"id\":7726,\"x\":278,\"y\":87,\"inputConnectors\":[{\"name\":\"X\"}],\"outputConnectors\":[{\"name\":\"1\"}]}],\"connections\":[{\"source\":{\"nodeID\":7731,\"connectorIndex\":0},\"dest\":{\"nodeID\":7726,\"connectorIndex\":0}},{\"source\":{\"nodeID\":7726,\"connectorIndex\":0},\"dest\":{\"nodeID\":7729,\"connectorIndex\":0}}]},\"id\":7707}',1,'2015-03-06 14:08:00','manohar','2015-03-16 06:07:58','user'),(7733,'WithdrawalRFMPipeline','DatapipeWorkbench','{\"frequency\":\"One Time\",\"name\":\"WithdrawalRFMPipeline\",\"description\":\"WithdrawalRFMPipeline\",\"offset\":\"\",\"ExecutionGraph\":{\"nodes\":[{\"name\":\"transaction_details\",\"nodeSchema\":\"dataSet\",\"id\":7731,\"x\":6,\"y\":108,\"outputConnectors\":[{\"name\":\"1\"}]},{\"name\":\"CashWithdrawalRFMDataset\",\"nodeSchema\":\"dataSet\",\"id\":7728,\"x\":586,\"y\":107,\"inputConnectors\":[{\"name\":\"X\"}],\"outputConnectors\":[{\"name\":\"1\"}]},{\"name\":\"hiveStageCashWithdrawalRFM\",\"nodeSchema\":\"stage\",\"id\":7724,\"x\":293,\"y\":106,\"inputConnectors\":[{\"name\":\"X\"}],\"outputConnectors\":[{\"name\":\"1\"}]}],\"connections\":[{\"source\":{\"nodeID\":7731,\"connectorIndex\":0},\"dest\":{\"nodeID\":7724,\"connectorIndex\":0}},{\"source\":{\"nodeID\":7724,\"connectorIndex\":0},\"dest\":{\"nodeID\":7728,\"connectorIndex\":0}}]},\"id\":7732}',1,'2015-03-06 14:30:45','manohar','2015-03-16 06:02:52','user'),(7734,'CustomerWalletSharePipeline','DatapipeWorkbench','{\"frequency\":\"One Time\",\"name\":\"CustomerWalletSharePipeline\",\"description\":\"CustomerWalletSharePipeline\",\"offset\":\"\",\"ExecutionGraph\":{\"nodes\":[{\"name\":\"transaction_details\",\"nodeSchema\":\"dataSet\",\"id\":7731,\"x\":14,\"y\":87,\"outputConnectors\":[{\"name\":\"1\"}]},{\"name\":\"CustomerWalletShareDataset\",\"nodeSchema\":\"dataSet\",\"id\":7727,\"x\":573,\"y\":89,\"inputConnectors\":[{\"name\":\"X\"}],\"outputConnectors\":[{\"name\":\"1\"}]},{\"name\":\"hiveStageCustomerWalletShare\",\"nodeSchema\":\"stage\",\"id\":7723,\"x\":306,\"y\":85,\"inputConnectors\":[{\"name\":\"X\"}],\"outputConnectors\":[{\"name\":\"1\"}]},{\"name\":\"hiveStageCustomerWalletShare\",\"nodeSchema\":\"stage\",\"id\":7723,\"x\":0,\"y\":0,\"inputConnectors\":[{\"name\":\"X\"}],\"outputConnectors\":[{\"name\":\"1\"}]}],\"connections\":[{\"source\":{\"nodeID\":7731,\"connectorIndex\":0},\"dest\":{\"nodeID\":7723,\"connectorIndex\":0}},{\"source\":{\"nodeID\":7723,\"connectorIndex\":0},\"dest\":{\"nodeID\":7727,\"connectorIndex\":0}}]},\"id\":7733}',1,'2015-03-06 14:32:47','manohar','2015-03-13 06:35:06','user'),(7735,'UsageVarietyPipeline','DatapipeWorkbench','{\"frequency\":\"One Time\",\"name\":\"UsageVarietyPipeline\",\"description\":\"UsageVarietyPipeline\",\"offset\":\"\",\"ExecutionGraph\":{\"nodes\":[{\"name\":\"transaction_details\",\"nodeSchema\":\"dataSet\",\"id\":7731,\"x\":6,\"y\":77,\"outputConnectors\":[{\"name\":\"1\"}]},{\"name\":\"hiveStageUsageVariety\",\"nodeSchema\":\"stage\",\"id\":7725,\"x\":292,\"y\":79,\"inputConnectors\":[{\"name\":\"X\"}],\"outputConnectors\":[{\"name\":\"1\"}]},{\"name\":\"UsageVarietyDataset\",\"nodeSchema\":\"dataSet\",\"id\":7730,\"x\":579,\"y\":75,\"inputConnectors\":[{\"name\":\"X\"}],\"outputConnectors\":[{\"name\":\"1\"}]}],\"connections\":[{\"source\":{\"nodeID\":7731,\"connectorIndex\":0},\"dest\":{\"nodeID\":7725,\"connectorIndex\":0}},{\"source\":{\"nodeID\":7725,\"connectorIndex\":0},\"dest\":{\"nodeID\":7730,\"connectorIndex\":0}}]},\"id\":7734}',1,'2015-03-06 14:34:39','manohar','2015-03-16 06:02:57','user'),(7736,'hiveStageFinalMerge','PipelineStage','{\"seletType\":\"Hive\",\"stagename\":\"hiveStageFinalMerge\",\"stagedescription\":\"Stage merges various derived attributes to produce one consolidated dataset.\",\"hiveSql\":\"select e1.customer_id, FLOOR(DATEDIFF(TO_DATE(FROM_UNIXTIME( UNIX_TIMESTAMP()) ), e1.DOB) / 365.25) age,e1.gender, e1.marital_status, e1.annual_income,e2.total_txn,e4.recent_purchase, e4.purchase_frequency,e4.purchase_value,e2.NoOfDifferentMerchantCategory_Citibank, e2.NoOfDifferentCurrency_Citibank, e2.NoOfDifferentLocation_Citibank,e3.recent_withdrawal, e3.wthd_frequency, e3.totalamount from citi_demographicdataset e1  LEFT OUTER JOIN  usagevarietydataset e2 ON (e1.customer_id = e2.customer_id) LEFT OUTER JOIN  purchaserfmdataset e4 ON (e1.customer_id = e4.customer_id) LEFT OUTER JOIN  cashwithdrawalrfmdataset e3 ON (e1.customer_id = e3.customer_id)\",\"id\":7736}',1,'2015-03-07 06:47:24','manohar','2015-03-11 07:29:03','manohar'),(7737,'DerivedAttributesDataset','DataSet','{\"name\":\"DerivedAttributesDataset\",\"description\":\"Dataset represents consolidated derived attributes dataset.\",\"Schema\":\"Citi_TransactionSchema\",\"location\":\"/root/ZEAS/data/citi/joined/derivedAttributes\",\"batchStructure\":\"YYYYMMDD\",\"dataSourcerId\":\"DerivedAttributesDataset\",\"id\":7737}',1,'2015-03-07 06:48:36','manohar','2015-03-09 08:49:12','manohar'),(7738,'DerivedAttributesPipeline','DatapipeWorkbench','{\"frequency\":\"One Time\",\"name\":\"DerivedAttributesPipeline\",\"description\":\"DerivedAttributesPipeline\",\"offset\":\"\",\"ExecutionGraph\":{\"nodes\":[{\"name\":\"UsageVarietyDataset\",\"nodeSchema\":\"dataSet\",\"id\":7730,\"x\":1,\"y\":91,\"outputConnectors\":[{\"name\":\"1\"}]},{\"name\":\"PurchaseRFMDataset\",\"nodeSchema\":\"dataSet\",\"id\":7729,\"x\":11,\"y\":191,\"inputConnectors\":[{\"name\":\"X\"}],\"outputConnectors\":[{\"name\":\"1\"}]},{\"name\":\"CashWithdrawalRFMDataset\",\"nodeSchema\":\"dataSet\",\"id\":7728,\"x\":13,\"y\":302,\"inputConnectors\":[{\"name\":\"X\"}],\"outputConnectors\":[{\"name\":\"1\"}]},{\"name\":\"DerivedAttributesDataset\",\"nodeSchema\":\"dataSet\",\"id\":7737,\"x\":581,\"y\":166,\"inputConnectors\":[{\"name\":\"X\"}],\"outputConnectors\":[{\"name\":\"1\"}]},{\"name\":\"hiveStageFinalMerge\",\"nodeSchema\":\"stage\",\"id\":7736,\"x\":320,\"y\":161,\"inputConnectors\":[{\"name\":\"X\"}],\"outputConnectors\":[{\"name\":\"1\"}]},{\"name\":\"Citi_DemographicDataset\",\"nodeSchema\":\"dataSet\",\"id\":7719,\"x\":6,\"y\":16,\"inputConnectors\":[{\"name\":\"X\"}],\"outputConnectors\":[{\"name\":\"1\"}]}],\"connections\":[{\"source\":{\"nodeID\":7730,\"connectorIndex\":0},\"dest\":{\"nodeID\":7736,\"connectorIndex\":0}},{\"source\":{\"nodeID\":7729,\"connectorIndex\":0},\"dest\":{\"nodeID\":7736,\"connectorIndex\":0}},{\"source\":{\"nodeID\":7728,\"connectorIndex\":0},\"dest\":{\"nodeID\":7736,\"connectorIndex\":0}},{\"source\":{\"nodeID\":7736,\"connectorIndex\":0},\"dest\":{\"nodeID\":7737,\"connectorIndex\":0}},{\"source\":{\"nodeID\":7719,\"connectorIndex\":0},\"dest\":{\"nodeID\":7736,\"connectorIndex\":0}}]},\"id\":7735}',1,'2015-03-07 06:49:02','manohar','2015-03-16 06:17:31','user'),(7739,'Citi_DemographicData','DataIngestion','{\"frequency\":\"One Time\",\"dataSource\":\"Citi_DemographicSource\",\"destinationDataset\":\"Citi_DemographicDataset\",\"name\":\"Citi_DemographicData\",\"dataIngestionId\":\"Citi_DemographicData\",\"id\":7739}',1,'2015-03-09 09:08:14','manohar','2015-03-09 12:28:39','user'),(7740,'Testing','DataSchema','{\"sourcerType\":\"int\",\"id\":\"\",\"name\":\"Testing\",\"description\":\"Testing schema\",\"dataSourcerId\":\"Testing\",\"dataAttribute\":[{\"active\":true,\"dataType\":\"int\",\"piirule\":\"Obfuscate\",\"valRule\":\"Yes\",\"Name\":\"year\",\"description\":\"year\",\"PII\":false,\"minVal\":2006,\"maxVal\":2010},{\"dataType\":\"int\",\"piirule\":\"Obfuscate\",\"valRule\":\"No\",\"Name\":\"month\",\"description\":\"month\",\"active\":true},{\"active\":true,\"dataType\":\"int\",\"piirule\":\"Obfuscate\",\"valRule\":\"No\",\"Name\":\"day of month\",\"description\":\"day of month\"},{\"active\":true,\"dataType\":\"int\",\"piirule\":\"Obfuscate\",\"valRule\":\"No\",\"Name\":\"Day of weak\",\"description\":\"Day of weak\"},{\"active\":true,\"dataType\":\"time\",\"piirule\":\"Obfuscate\",\"valRule\":\"No\",\"Name\":\"deptime\",\"description\":\"deptime\"}]}',1,'2015-03-09 09:19:32','user','2015-03-09 09:19:32','user'),(7741,'testing source','DataSource','{\"schema\":\"Testing\",\"format\":\"CSV\",\"sourcerType\":\"File\",\"id\":\"\",\"name\":\"testing source\",\"location\":\"C:\\\\Users\\\\19222\\\\Desktop\\\\Testing.xlsx\",\"description\":\"testing source\",\"dataSourcerId\":\"testing source\"}',1,'2015-03-09 09:21:27','user','2015-03-09 09:21:27','user'),(7742,'Testing dataset','DataSet','{\"name\":\"Testing dataset\",\"Schema\":\"Testing\",\"location\":\"C:\\\\Users\\\\19222\\\\Desktop\\\\OutPut\",\"description\":\"Testing dataset\",\"batchStructure\":\"2015-03-09\",\"dataSourcerId\":\"Testing dataset\"}',1,'2015-03-09 09:22:45','user','2015-03-09 09:22:45','user'),(7743,'mcc_category','DataSet','{\"name\":\"mcc_category\",\"Schema\":\"Citi_TransactionSchema\",\"location\":\"/root/ZEAS/data/citi/joined/mcc_category\",\"description\":\"Mapping file which has details about category code mapping to merchant category names\",\"batchStructure\":\"YYYYMMDD\",\"dataSourcerId\":\"mcc_category\"}',1,'2015-03-09 12:52:08','user','2015-03-09 12:52:08','user'),(7744,'Transacation_details_stage','PipelineStage','{\"seletType\":\"Hive\",\"stagename\":\"Transacation_details_stage\",\"stagedescription\":\"Stage merges transaction data with mcc_category table to give merchant category name mapping.\",\"hiveSql\":\"select tr.*,mcc.catagory_name  from transactiondataset tr join mcc_catagory mcc where tr.mcc_code >= mcc.from_value and tr.mcc_code <=to_value\",\"id\":7744}',1,'2015-03-09 12:53:40','user','2015-03-09 12:58:39','user'),(7745,'MCC_MappingPipeline','DatapipeWorkbench','{\"frequency\":\"One Time\",\"name\":\"MCC_MappingPipeline\",\"description\":\"DerivedAttributesPipeline\",\"offset\":\"\",\"ExecutionGraph\":{\"nodes\":[{\"name\":\"Citi_TransactionDataset\",\"nodeSchema\":\"dataSet\",\"id\":7720,\"x\":25,\"y\":64.99998474121094,\"outputConnectors\":[{\"name\":\"1\"}]},{\"name\":\"mcc_category\",\"nodeSchema\":\"dataSet\",\"id\":7743,\"x\":29,\"y\":205,\"inputConnectors\":[{\"name\":\"X\"}],\"outputConnectors\":[{\"name\":\"1\"}]},{\"name\":\"transaction_details\",\"nodeSchema\":\"dataSet\",\"id\":7731,\"x\":563,\"y\":142,\"inputConnectors\":[{\"name\":\"X\"}],\"outputConnectors\":[{\"name\":\"1\"}]},{\"name\":\"Transacation_details_stage\",\"nodeSchema\":\"stage\",\"id\":7744,\"x\":311,\"y\":142,\"inputConnectors\":[{\"name\":\"X\"}],\"outputConnectors\":[{\"name\":\"1\"}]}],\"connections\":[{\"source\":{\"nodeID\":7720,\"connectorIndex\":0},\"dest\":{\"nodeID\":7744,\"connectorIndex\":0}},{\"source\":{\"nodeID\":7743,\"connectorIndex\":0},\"dest\":{\"nodeID\":7744,\"connectorIndex\":0}},{\"source\":{\"nodeID\":7744,\"connectorIndex\":0},\"dest\":{\"nodeID\":7731,\"connectorIndex\":0}}]},\"id\":7738}',1,'2015-03-09 12:54:16','user','2015-03-16 06:56:30','user'),(7746,'CategoryWiseSpend','DataSet','{\"name\":\"CategoryWiseSpend\",\"description\":\"Dataset contains category wise spend by each customer\",\"Schema\":\"Citi_TransactionSchema\",\"location\":\"/root/ZEAS/data/citi/joined/CategoryWiseSpend\",\"batchStructure\":\"YYYYMMDD\",\"dataSourcerId\":\"CategoryWiseSpend\"}',1,'2015-03-13 09:08:11','manohar','2015-03-13 09:08:11','manohar'),(7747,'hiveCategoryWiseSpend','PipelineStage','{\"seletType\":\"Hive\",\"stagename\":\"hiveCategoryWiseSpend\",\"stagedescription\":\"Hive query calculates total spend in every category made by each customer\",\"hiveSql\":\"select t3.customer_id,sum(t3.Airlines) Airlines,sum(t3.Apparel) Apparel, sum(t3.Car_Rental) Car_Rental ,sum(t3.Convenience_stores) Conv_Stores,sum(t3.Drugstores_Pharmacies) Drugs_Pharma,\\nsum(t3.Electronics) Electronics,sum(t3.Fuel) Fuel,sum(t3.Groceries) Groceries,sum(t3.Medical_labs) Medical_labs,sum(t3.Restaurants_Pubs) Restaurants_Pubs,sum(t3.Utility) Utility from(\\nselect t2.customer_id as customer_id,if(t2.catagory_name ==\'Airlines\',t2.amount,0) as Airlines,\\nif(t2.catagory_name ==\'Apparel\',t2.amount,0) as Apparel,\\nif(t2.catagory_name ==\'Car Rental\',t2.amount,0) as Car_Rental,\\nif(t2.catagory_name ==\'Convenience stores\',t2.amount,0) as Convenience_stores,\\nif(t2.catagory_name ==\'Drugstores & Pharmacies\',t2.amount,0) as Drugstores_Pharmacies,\\nif(t2.catagory_name ==\'Electronics\',t2.amount,0) as Electronics,\\nif(t2.catagory_name ==\'Fuel\',t2.amount,0) as Fuel,\\nif(t2.catagory_name ==\'Groceries\',t2.amount,0) as Groceries,\\nif(t2.catagory_name ==\'Hotels\',t2.amount,0) as Hotels,\\nif(t2.catagory_name ==\'Medical labs\',t2.amount,0) as Medical_labs,\\nif(t2.catagory_name ==\'Restaurants & Pubs\',t2.amount,0) as Restaurants_Pubs,\\nif(t2.catagory_name ==\'Utility\',t2.amount,0) as Utility from (select t1.customer_id as customer_id,t1.catagory_name as catagory_name,t1.total as amount from\\n(select e.customer_id as customer_id,  e.catagory_name as catagory_name,sum(e.txn_amount) as total  from  (select customer_id,catagory_name,txn_amount from transaction_details) e  \\ngroup by e.customer_id,e.catagory_name) t1) t2) t3 group by t3.customer_id\"}',1,'2015-03-13 09:09:11','manohar','2015-03-13 09:09:11','manohar'),(7748,'CategorySpendPipeline','DatapipeWorkbench','{\"frequency\":\"One Time\",\"name\":\"CategorySpendPipeline\",\"description\":\"CategorySpendPipeline\",\"offset\":\"\",\"ExecutionGraph\":{\"nodes\":[{\"name\":\"transaction_details\",\"nodeSchema\":\"dataSet\",\"id\":7731,\"x\":4,\"y\":62,\"outputConnectors\":[{\"name\":\"1\"}]},{\"name\":\"CategoryWiseSpend\",\"nodeSchema\":\"dataSet\",\"id\":7746,\"x\":562,\"y\":80,\"inputConnectors\":[{\"name\":\"X\"}],\"outputConnectors\":[{\"name\":\"1\"}]},{\"name\":\"hiveCategoryWiseSpend\",\"nodeSchema\":\"stage\",\"id\":7747,\"x\":300,\"y\":74,\"inputConnectors\":[{\"name\":\"X\"}],\"outputConnectors\":[{\"name\":\"1\"}]}],\"connections\":[{\"source\":{\"nodeID\":7731,\"connectorIndex\":0},\"dest\":{\"nodeID\":7747,\"connectorIndex\":0}},{\"source\":{\"nodeID\":7747,\"connectorIndex\":0},\"dest\":{\"nodeID\":7746,\"connectorIndex\":0}}]},\"id\":7707}',1,'2015-03-13 09:09:43','manohar','2015-03-13 09:33:23','manohar');
/*!40000 ALTER TABLE `entity` ENABLE KEYS */;
UNLOCK TABLES;

--
-- Table structure for table `ml_analysis`
--

DROP TABLE IF EXISTS `ml_analysis`;
/*!40101 SET @saved_cs_client     = @@character_set_client */;
/*!40101 SET character_set_client = utf8 */;
CREATE TABLE `ml_analysis` (
  `ml_id` int(11) NOT NULL AUTO_INCREMENT,
  `training` varchar(50) DEFAULT NULL,
  `testing` varchar(50) DEFAULT NULL,
  `algorithm` varchar(30) DEFAULT NULL,
  `accuracy` int(3) DEFAULT NULL,
  `completion` timestamp NOT NULL DEFAULT CURRENT_TIMESTAMP ON UPDATE CURRENT_TIMESTAMP,
  PRIMARY KEY (`ml_id`)
) ENGINE=MyISAM AUTO_INCREMENT=38 DEFAULT CHARSET=latin1;
/*!40101 SET character_set_client = @saved_cs_client */;

--
-- Dumping data for table `ml_analysis`
--

LOCK TABLES `ml_analysis` WRITE;
/*!40000 ALTER TABLE `ml_analysis` DISABLE KEYS */;
INSERT INTO `ml_analysis` VALUES (22,'Delay2007|HiveDataset2007','Delay2008|HiveDataset2008','Random Forest',40,'2015-02-18 11:26:43'),(18,'Delay2007|HiveDataset2007','Delay2008|HiveDataset2008','Random Forest',40,'2015-02-17 19:04:51'),(19,'Delay2007|HiveDataset2007','Delay2008|HiveDataset2008','Logistic Regression',61,'2015-02-17 19:05:25'),(20,'Delay2007|HiveDataset2007','Delay2008|HiveDataset2008','Random Forest',40,'2015-02-17 20:21:25'),(21,'Delay2007|HiveDataset2007','Delay2008|HiveDataset2008','Logistic Regression',61,'2015-02-17 20:26:05'),(23,'AA2007TrainingSet|AAHiveOutput2007','AA2008TestingSet|AAHiveOutput2008','Logistic Regression',61,'2015-02-18 20:00:03'),(24,'AA2007TrainingSet|AAHiveOutput2007','AA2008TestingSet|AAHiveOutput2008','Random Forest',40,'2015-02-18 20:07:10'),(25,'StrataPipe1|AAHiveOutput2007','AA2008TestingSet|AAHiveOutput2008','Logistic Regression',61,'2015-02-19 01:08:59'),(26,'StrataPipe1|AAHiveOutput2007','AA2008TestingSet|AAHiveOutput2008','Logistic Regression',61,'2015-02-19 02:30:38'),(27,'StrataPipe1|AAHiveOutput2007','AA2008TestingSet|AAHiveOutput2008','Random Forest',40,'2015-02-19 02:50:07'),(28,'StrataPipe1|AAHiveOutput2007','AA2008TestingSet|AAHiveOutput2008','Logistic Regression',61,'2015-02-19 20:35:03'),(29,'StrataPipe1|AAHiveOutput2007','AA2008TestingSet|AAHiveOutput2008','Logistic Regression',61,'2015-02-19 22:35:43'),(30,'StrataPipe1|AAHiveOutput2007','AA2008TestingSet|AAHiveOutput2008','Logistic Regression',61,'2015-02-20 00:51:20'),(31,'StrataPipe1|AAHiveOutput2007','AA2008TestingSet|AAHiveOutput2008','Logistic Regression',61,'2015-02-20 01:22:12'),(32,'StrataPipe1|AAHiveOutput2007','AA2008TestingSet|AAHiveOutput2008','Logistic Regression',61,'2015-02-20 02:55:32'),(33,'StrataPipe1|AAHiveOutput2007','AA2008TestingSet|AAHiveOutput2008','Logistic Regression',61,'2015-02-20 19:40:11'),(34,'StrataPipe1|AAHiveOutput2007','AA2008TestingSet|AAHiveOutput2008','Logistic Regression',61,'2015-02-20 20:13:59'),(35,'StrataPipe1|AAHiveOutput2007','AA2008TestingSet|AAHiveOutput2008','Logistic Regression',61,'2015-02-27 04:35:06'),(36,'StrataPipe1|AAHiveOutput2007','AA2008TestingSet|AAHiveOutput2008','Random Forest',40,'2015-03-03 10:18:44'),(37,'StrataPipe1|AAHiveOutput2007','AA2008TestingSet|AAHiveOutput2008','Logistic Regression',61,'2015-03-06 19:50:24');
/*!40000 ALTER TABLE `ml_analysis` ENABLE KEYS */;
UNLOCK TABLES;

--
-- Table structure for table `pipeline_stage_log`
--

DROP TABLE IF EXISTS `pipeline_stage_log`;
/*!40101 SET @saved_cs_client     = @@character_set_client */;
/*!40101 SET character_set_client = utf8 */;
CREATE TABLE `pipeline_stage_log` (
  `pipeline_run_id` int(11) DEFAULT NULL,
  `stage` varchar(50) DEFAULT NULL,
  `run_start_time` datetime DEFAULT NULL,
  `run_end_time` datetime DEFAULT NULL,
  `status` varchar(200) DEFAULT NULL,
  `msg` varchar(50) DEFAULT NULL,
  `output_data_set` varchar(100) DEFAULT NULL
) ENGINE=MyISAM DEFAULT CHARSET=latin1;
/*!40101 SET character_set_client = @saved_cs_client */;

--
-- Dumping data for table `pipeline_stage_log`
--

LOCK TABLES `pipeline_stage_log` WRITE;
/*!40000 ALTER TABLE `pipeline_stage_log` DISABLE KEYS */;
INSERT INTO `pipeline_stage_log` VALUES (100,'John','2015-02-03 05:06:14','2015-02-03 05:06:14','Success','DUMMY_DATA',NULL),(101,'Jony','2015-02-03 05:06:14','2015-02-03 05:06:14','failure','DUMMY_DATA',NULL),(102,'Jini','2015-02-03 05:06:14','2015-02-03 05:06:14','Success','DUMMY_DATA',NULL),(103,'Jena','2015-02-03 05:06:14','2015-02-03 05:06:14','Success','DUMMY_DATA',NULL),(7633,'Hivedelay2007','2015-02-05 23:24:25',NULL,'STARTED',NULL,NULL),(7695,'HiveStageFlightDelayByCarrier','2015-02-17 12:29:17',NULL,'COMPLETED',NULL,NULL),(7693,NULL,'2015-02-17 06:18:40',NULL,'STARTED',NULL,NULL),(7672,'JoinStage2008','2015-02-12 01:00:56',NULL,'COMPLETED',NULL,NULL),(7672,'JoinStage2008','2015-02-12 00:59:02',NULL,'STARTED',NULL,NULL),(7639,'Hivedelay2007','2015-02-15 23:53:09',NULL,'COMPLETED',NULL,NULL),(7639,'Hivedelay2007','2015-02-15 23:52:09',NULL,'STARTED',NULL,NULL),(7657,'JoinStage2007','2015-02-09 04:48:39',NULL,'COMPLETED',NULL,NULL),(7657,'JoinStage2007','2015-02-09 04:39:19',NULL,'STARTED',NULL,NULL),(7670,'JoinStage2008','2015-02-11 03:52:57',NULL,'COMPLETED',NULL,NULL),(7670,'JoinStage2008','2015-02-11 03:49:05',NULL,'STARTED',NULL,NULL),(7647,'HiveDelayQuery','2015-02-11 06:43:02',NULL,'COMPLETED',NULL,NULL),(7647,'HiveDelayQuery','2015-02-11 06:42:32',NULL,'STARTED',NULL,NULL),(7695,'HiveStageFlightDelayByCarrier','2015-02-17 12:27:31',NULL,'STARTED',NULL,NULL),(7696,'HiveStageFlightDelayByCarrier','2015-02-17 20:56:30',NULL,'COMPLETED',NULL,NULL),(7696,'HiveStageFlightDelayByCarrier','2015-02-17 20:54:44',NULL,'STARTED',NULL,NULL),(7698,'AAHiveDelay2007','2015-02-17 21:23:42',NULL,'STARTED',NULL,NULL),(7698,'AAHiveDelay2007','2015-02-17 21:25:01',NULL,'COMPLETED',NULL,NULL),(7704,'AAHiveDelay2008','2015-02-18 01:23:08',NULL,'STARTED',NULL,NULL),(7704,'AAHiveDelay2008','2015-02-18 01:23:37',NULL,'COMPLETED',NULL,NULL),(7707,'HiveStageFlightDelayByCarrier','2015-03-03 05:16:01',NULL,'COMPLETED',NULL,NULL),(7707,'HiveStageFlightDelayByCarrier','2015-03-03 05:14:22',NULL,'STARTED',NULL,NULL),(7708,'AAHiveDelay2007','2015-03-03 05:12:58',NULL,'COMPLETED',NULL,NULL),(7708,'AAHiveDelay2007','2015-03-03 05:12:02',NULL,'STARTED',NULL,NULL),(7711,'JoinStage2008','2015-02-19 03:12:54',NULL,'COMPLETED',NULL,NULL),(7711,'JoinStage2008','2015-02-19 03:12:04',NULL,'STARTED',NULL,NULL),(7712,'JoinStage2007','2015-02-19 03:05:28',NULL,'COMPLETED',NULL,NULL),(7712,'JoinStage2007','2015-02-19 03:04:26',NULL,'STARTED',NULL,NULL),(7707,'JoinStage2008','2015-03-03 05:16:01',NULL,'STARTED',NULL,NULL),(7707,'JoinStage2008','2015-03-03 05:16:50',NULL,'COMPLETED',NULL,NULL),(7732,'hiveStagePurchaseRFM','2015-03-10 09:39:00',NULL,'STARTED',NULL,NULL),(7732,'hiveStagePurchaseRFM','2015-03-10 09:39:32',NULL,'COMPLETED ( 32 Seconds taken)',NULL,NULL),(7733,'hiveStageCashWithdrawalRFM','2015-03-10 09:40:13',NULL,'STARTED',NULL,NULL),(7733,'hiveStageCashWithdrawalRFM','2015-03-10 09:40:46',NULL,'COMPLETED ( 33 Seconds taken)',NULL,NULL),(7734,'hiveStageCustomerWalletShare','2015-03-10 05:33:12',NULL,'COMPLETED ( 91 Seconds taken)',NULL,NULL),(7734,'hiveStageCustomerWalletShare','2015-03-10 05:31:40',NULL,'STARTED',NULL,NULL),(7735,'hiveStageUsageVariety','2015-03-10 05:34:25',NULL,'STARTED',NULL,NULL),(7738,'hiveStageFinalMerge','2015-03-11 03:29:58',NULL,'COMPLETED ( 33 Seconds taken)',NULL,NULL),(7745,'Transacation_details_stage','2015-03-10 05:26:54',NULL,'COMPLETED ( 31 Seconds taken)',NULL,NULL),(7735,'hiveStageUsageVariety','2015-03-10 05:34:58',NULL,'COMPLETED ( 32 Seconds taken)',NULL,NULL),(7745,'Transacation_details_stage','2015-03-10 05:26:23',NULL,'STARTED',NULL,NULL),(7738,'hiveStageFinalMerge','2015-03-11 03:29:24',NULL,'STARTED',NULL,NULL),(7748,'hiveCategoryWiseSpend','2015-03-17 05:10:57',NULL,'COMPLETED ( 33 Seconds taken)',NULL,NULL),(7748,'hiveCategoryWiseSpend','2015-03-17 05:10:23',NULL,'STARTED',NULL,NULL);
/*!40000 ALTER TABLE `pipeline_stage_log` ENABLE KEYS */;
UNLOCK TABLES;

--
-- Table structure for table `processed_pipeline`
--

DROP TABLE IF EXISTS `processed_pipeline`;
/*!40101 SET @saved_cs_client     = @@character_set_client */;
/*!40101 SET character_set_client = utf8 */;
CREATE TABLE `processed_pipeline` (
  `ppid` int(11) DEFAULT NULL,
  `pipeline_name` varchar(50) DEFAULT NULL,
  `output_dataset` varchar(50) DEFAULT NULL,
  `created` datetime DEFAULT NULL
) ENGINE=MyISAM DEFAULT CHARSET=latin1;
/*!40101 SET character_set_client = @saved_cs_client */;

--
-- Dumping data for table `processed_pipeline`
--

LOCK TABLES `processed_pipeline` WRITE;
/*!40000 ALTER TABLE `processed_pipeline` DISABLE KEYS */;
INSERT INTO `processed_pipeline` VALUES (NULL,'JoinWeatherData2007','Joinedset2007','2015-02-19 01:58:05'),(NULL,'DemoPipeline2','PipelineOutout','2015-02-17 07:45:13'),(NULL,'JoinWaetherData2008','JoinedSet2008','2015-02-19 01:45:10'),(NULL,'StrataPipe1','AAHiveOutput2007','2015-02-18 15:05:44'),(NULL,'DemoPipeline','PipelineOutout','2015-02-18 14:50:16'),(NULL,'Delay2007','HiveDataset2007','2015-02-12 05:04:24'),(NULL,'Delay2007','HiveDataset2007','2015-02-13 04:30:33'),(NULL,'Delay2007','HiveDataset2007','2015-02-12 01:04:40'),(NULL,'AA2008TestingSet','AAHiveOutput2008','2015-02-18 01:23:37'),(NULL,'Delay2007','HiveDataset2007','2015-02-15 23:53:09'),(NULL,'Delay2007','HiveDataset2007','2015-02-14 02:45:23'),(NULL,'DemoPipeline','PipelineOutout','2015-02-18 14:58:47'),(NULL,'Delay2008','HiveDataset2008','2015-02-11 06:31:46'),(NULL,'Delay2008','HiveDataset2008','2015-02-11 06:43:02'),(NULL,'Delay2007','HiveDataset2007','2015-02-11 07:36:51'),(NULL,'Delay2008','HiveDataset2008','2015-02-10 09:26:56'),(NULL,'Delay2007','HiveDataset2007','2015-02-10 10:20:57'),(NULL,'Delay2007','HiveDataset2007','2015-02-10 09:17:24'),(NULL,'Delay2007','HiveDataset2007','2015-02-11 01:09:27'),(NULL,'DemoPipeline2','PipelineOutout','2015-02-17 14:01:15'),(NULL,'DemoPipeline2','PipelineOutout','2015-02-17 20:56:30'),(NULL,'AA2007TrainingSet','AAHiveOutput2007','2015-02-17 21:25:01'),(NULL,'JoinWaetherData2008','JoinedSet2008','2015-02-19 02:59:09'),(NULL,'JoinWeatherData2007','Joinedset2007','2015-02-19 03:03:06'),(NULL,'JoinWeatherData2007','Joinedset2007','2015-02-19 03:05:28'),(NULL,'JoinWaetherData2008','JoinedSet2008','2015-02-19 03:12:54'),(NULL,'DemoPipeline','PipelineOutout','2015-02-25 18:40:27'),(NULL,'StrataPipe1','AAHiveOutput2007','2015-03-03 05:12:58'),(NULL,'PurchaseRFMPipeline','PurchaseRFMDataset','2015-03-06 09:12:06'),(NULL,'UsageVarietyPipeline','UsageVarietyDataset','2015-03-06 09:40:07'),(NULL,'PurchaseRFMPipeline','PurchaseRFMDataset','2015-03-07 01:29:28'),(NULL,'UsageVarietyPipeline','UsageVarietyDataset','2015-03-07 01:43:47'),(NULL,'MCC_MappingPipeline','transaction_details','2015-03-09 08:59:18'),(NULL,'PurchaseRFMPipeline','PurchaseRFMDataset','2015-03-09 09:26:29'),(NULL,'UsageVarietyPipeline','UsageVarietyDataset','2015-03-09 09:28:03'),(NULL,'MCC_MappingPipeline','transaction_details','2015-03-10 05:21:13'),(NULL,'MCC_MappingPipeline','transaction_details','2015-03-10 05:26:54'),(NULL,'PurchaseRFMPipeline','PurchaseRFMDataset','2015-03-10 05:27:51'),(NULL,'WithdrawalRFMPipeline','CashWithdrawalRFMDataset','2015-03-10 05:28:55'),(NULL,'CustomerWalletSharePipeline','CustomerWalletShareDataset','2015-03-10 05:33:12'),(NULL,'UsageVarietyPipeline','UsageVarietyDataset','2015-03-10 05:34:58'),(NULL,'DerivedAttributesPipeline','DerivedAttributesDataset','2015-03-10 05:40:12'),(NULL,'PurchaseRFMPipeline','PurchaseRFMDataset','2015-03-10 09:39:32'),(NULL,'WithdrawalRFMPipeline','CashWithdrawalRFMDataset','2015-03-10 09:40:46'),(NULL,'DerivedAttributesPipeline','DerivedAttributesDataset','2015-03-10 09:41:41'),(NULL,'DerivedAttributesPipeline','DerivedAttributesDataset','2015-03-11 03:29:58'),(NULL,'CategorySpendPipeline','CategoryWiseSpend','2015-03-13 05:11:25'),(NULL,'CategorySpendPipeline','CategoryWiseSpend','2015-03-17 05:10:57');
/*!40000 ALTER TABLE `processed_pipeline` ENABLE KEYS */;
UNLOCK TABLES;

--
-- Table structure for table `whitelist_config`
--

DROP TABLE IF EXISTS `whitelist_config`;
/*!40101 SET @saved_cs_client     = @@character_set_client */;
/*!40101 SET character_set_client = utf8 */;
CREATE TABLE `whitelist_config` (
  `ID` bigint(20) NOT NULL,
  `NAME` varchar(32) NOT NULL,
  `DISPLAY_NAME` varchar(32) NOT NULL,
  `CONTAINER` varchar(18) DEFAULT NULL,
  `WIDGET_TYPE` varchar(16) NOT NULL,
  `ENTRY` varchar(16) NOT NULL,
  `CREATED` timestamp NOT NULL DEFAULT CURRENT_TIMESTAMP ON UPDATE CURRENT_TIMESTAMP,
  `CREATED_BY` varchar(16) NOT NULL,
  `LAST_MODIFIED` timestamp NULL DEFAULT NULL,
  `MODIFIED_BY` varchar(16) DEFAULT NULL
) ENGINE=InnoDB DEFAULT CHARSET=latin1 COMMENT='This table is used to contain values used to populated list ';
/*!40101 SET character_set_client = @saved_cs_client */;

--
-- Dumping data for table `whitelist_config`
--

LOCK TABLES `whitelist_config` WRITE;
/*!40000 ALTER TABLE `whitelist_config` DISABLE KEYS */;
INSERT INTO `whitelist_config` VALUES (1,'Type','Type','DataSource','list','File','2014-11-18 06:09:28','user','2014-11-18 06:09:28',NULL),(2,'Type','Type','DataSource','list','RDBMS','2014-11-18 06:09:28','user','2014-11-18 06:09:28',NULL),(3,'Format','Format','DataSource','list','CSV','2014-11-18 06:11:54','user','2014-11-18 06:11:54',NULL),(4,'Format','Format','DataSource','list','XML','2014-11-18 06:11:54','user','2014-11-18 06:11:54',NULL),(5,'Type','Type','DataSchema','list','int','2014-11-18 09:13:12','','2014-11-18 09:12:54',NULL),(6,'Type','Type','DataSchema','list','varchar','2014-11-18 09:13:22','','2014-11-18 09:12:54',NULL),(7,'Type','Type','DataSchema','list','enumeration','2014-12-03 08:59:48','user','2014-12-03 08:59:48',NULL),(8,'Frequency','Frequency','DatapipeWorkbench','list','Hourly','2014-12-24 07:14:11','','2014-12-24 07:14:11',NULL),(9,'Frequency','Frequency','DatapipeWorkbench','list','Daily','2014-12-24 07:14:11','','2014-12-24 07:14:11',NULL),(10,'StageType','StageType','DatapipeWorkbench','list','MapReduce','2014-12-29 18:30:00','user','2014-12-30 05:28:47','user'),(11,'StageType','StageType','DatapipeWorkbench','list','Hive','2014-12-29 18:30:00','user','2014-12-30 05:28:47','user'),(12,'StageType','StageType','DatapipeWorkbench','list','Pig','2014-12-29 18:30:00','user','2014-12-30 05:30:05','user'),(13,'StageType','StageType','DatapipeWorkbench','list','Spark','2014-12-29 18:30:00','user','2014-12-30 05:30:05','user'),(14,'Frequency','Frequency','DatapipeWorkbench','list','One Time','2014-12-03 13:59:48','user','2014-12-03 13:59:48',NULL),(15,'Type','Type','DataSchema','list','float','2014-11-18 14:13:12','','2014-11-18 14:12:54','user'),(16,'Type','Type','DataSchema','list','long','2014-11-18 14:13:12','','2014-11-18 14:12:54','user'),(16,'Type','Type','DataSchema','list','date','2014-11-18 14:13:12','','2014-11-18 14:12:54','user'),(18,'Type','Type','DataSchema','list','time','2014-11-18 14:13:12','','2014-11-18 14:12:54','user');
/*!40000 ALTER TABLE `whitelist_config` ENABLE KEYS */;
UNLOCK TABLES;
/*!40103 SET TIME_ZONE=@OLD_TIME_ZONE */;

/*!40101 SET SQL_MODE=@OLD_SQL_MODE */;
/*!40014 SET FOREIGN_KEY_CHECKS=@OLD_FOREIGN_KEY_CHECKS */;
/*!40014 SET UNIQUE_CHECKS=@OLD_UNIQUE_CHECKS */;
/*!40101 SET CHARACTER_SET_CLIENT=@OLD_CHARACTER_SET_CLIENT */;
/*!40101 SET CHARACTER_SET_RESULTS=@OLD_CHARACTER_SET_RESULTS */;
/*!40101 SET COLLATION_CONNECTION=@OLD_COLLATION_CONNECTION */;
/*!40111 SET SQL_NOTES=@OLD_SQL_NOTES */;

-- Dump completed on 2015-03-18  2:44:20
